"","country","population","pm1998","pm1999","pm2000","pm2001","pm2002","pm2003","pm2004","pm2005","pm2006","pm2007","pm2008","pm2009","pm2010","pm2011","pm2012","pm2013","pm2014","pm2015","pm2016","pm2017","pm2018","pm2019","pm2020","pm2021"
"1","Afghanistan",37461801,11.2485365853659,11.0910975609756,12.2350304878049,14.4144207317073,14.0222865853659,14.2968597560976,13.0113719512195,14.4783841463415,15.0030182926829,14.3275,15.2142987804878,15.2237804878049,15.5175,18.4763719512195,16.5179878048781,15.3321341463415,15.7782317073171,16.4682317073171,16.6807926829268,15.5923475609756,14.3016158536585,16.8857317073171,17.1427134146341,17.2609756097561
"2","Akrotiri and Dhekelia",24378,11.58,11.515,13.825,12.78,11.06,11.535,10.825,12.025,11.975,12.2,12.085,12.46,10.745,16.11,17.68,12.07,11.38,11.915,10.92,11.33,10.095,9.84,10.855,11.385
"3","Åland",27514,6.78769230769231,7.21461538461539,6.03615384615385,5.40153846153846,5.85153846153846,5.89923076923077,6.06307692307692,6.33461538461538,7.23615384615385,5.69230769230769,5.89538461538462,5.58076923076923,5.95307692307692,5.10692307692308,4.73769230769231,4.81615384615385,6.09384615384615,4.21230769230769,4.08384615384615,3.47076923076923,4.54153846153846,4.27923076923077,4.06076923076923,4.65461538461538
"4","Albania",3082234,16.8654054054054,15.6372972972973,17.3627027027027,16.527027027027,18.4891891891892,20.1975675675676,15.9824324324324,17.5308108108108,19.7362162162162,18.4383783783784,15.7964864864865,14.8632432432432,12.0548648648649,20.9737837837838,18.1613513513513,14.882972972973,13.2654054054054,16.472972972973,13.9232432432432,15.0810810810811,14.6910810810811,13.6891891891892,13.3502702702703,13.4897297297297
"5","Algeria",43480294,6.05954122340426,5.46398936170213,5.864375,5.94019946808511,5.94150930851064,7.4326329787234,5.37527925531915,6.82025930851064,6.81316489361702,6.57946808510638,5.58509308510638,6.32105053191489,5.26085106382979,6.69996010638298,6.48508643617021,6.290625,5.08059840425532,6.62434175531915,5.30164228723404,6.25267287234043,5.69613696808511,5.77238696808511,5.50317154255319,5.87188829787234
"6","American Samoa",43160,0.7675,0.925625,1.18125,1.099375,1.25,1.295625,1.0225,1.50125,1.310625,1.314375,1.095,1.296875,1.09,0.9925,1.151875,1.124375,1.24625,1.46875,1.2775,1.299375,1.409375,1.365,1.12625,1.06
"7","Andorra",85635,8.77857142857143,8.43428571428571,9.01857142857143,9.52857142857143,9.75571428571429,10.5342857142857,9.59,10.0657142857143,9.27,9.35,8.46428571428571,8.78142857142857,9.40714285714286,8.97,7.88285714285714,7.51285714285714,6.64285714285714,7.39857142857143,6.81428571428571,6.76428571428571,7.12142857142857,6.01714285714286,6.59428571428571,7.40857142857143
"8","Angola",33430596,19.6723926380368,16.7741104294479,18.8963803680982,23.8337423312883,21.7031901840491,20.6810429447853,21.1355214723926,23.2768711656442,19.2790797546012,22.9657668711656,24.0594478527607,22.1383435582822,26.2788957055215,23.4611656441718,23.4748466257669,23.7844785276074,20.7081595092025,22.6055214723926,21.9389570552147,19.9789570552147,20.5811656441718,22.1326993865031,18.7900613496933,18.7898159509202
"9","Anguilla",16664,2.68066666666667,3.59333333333333,2.95533333333333,3.23,2.332,2.62466666666667,2.468,3.41533333333333,3.064,2.62666666666667,2.41533333333333,2.58066666666667,4.2,2.44,3.086,2.06533333333333,2.07333333333333,2.31666666666667,2.62,2.45933333333333,2.124,2.064,2.112,2.262
"10","Antigua and Barbuda",93902,2.64142857142857,3.22142857142857,3.01714285714286,3.05285714285714,2.43428571428571,2.80285714285714,2.76714285714286,3.36714285714286,3.14142857142857,2.61142857142857,2.64285714285714,2.99142857142857,4.05857142857143,2.80714285714286,3.01857142857143,2.21142857142857,2.27,2.48571428571429,2.78857142857143,2.47857142857143,2.46,2.37428571428571,2.08714285714286,2.40857142857143
"11","Argentina",45888555,11.4896613545817,12.6445418326693,12.0407171314741,12.035796812749,12.383764940239,12.5720517928287,12.1600597609562,11.3908366533865,12.2559561752988,12.7873107569721,12.6207569721116,11.1272908366534,10.5918525896414,11.8355378486056,11.1757768924303,11.2189641434263,11.2737250996016,11.3459561752988,11.6487051792829,10.9441434262948,10.7180278884462,10.8898406374502,12.2328884462151,11.153625498008
"12","Armenia",3019699,16.13,15.6390909090909,17.0336363636364,14.8645454545455,16.5736363636364,15.4836363636364,15.0272727272727,16.1709090909091,15.1536363636364,16.2318181818182,16.1263636363636,15.6945454545455,15.2727272727273,17.9972727272727,18.88,17.5854545454545,17.6636363636364,17.9,16.0336363636364,18.7745454545455,17.3945454545455,17.8718181818182,17.4445454545455,17.5681818181818
"13","Aruba",112080,3.16,4.42,3.03,3.15,2.89,4,3.82,4.31,3.66,3.77,4.19,3.22,5.99,4.15,3.82,3.3,2.82,2.92,3.76,3.82,3.23,3.89,3.49,3.31
"14","Australia",25450231,3.33612788632327,3.61307282415631,3.16392539964476,3.90188277087034,3.86202486678508,4.96168738898757,3.58767317939609,3.2716163410302,4.30223801065719,3.6997513321492,3.26172291296625,4.03067495559503,3.49719360568384,3.82685612788632,3.57854351687389,3.70660746003552,3.92749555950266,3.88008880994671,3.39896980461812,3.62094138543517,3.4195026642984,5.96607460035524,4.42278863232682,3.2014920071048
"15","Austria",8885610,15.4794680851064,15.238085106383,14.6344680851064,15.8504255319149,17.0105319148936,17.1455319148936,15.7677659574468,18.0698936170213,17.7465957446808,13.5840425531915,12.9770212765957,14.0551063829787,15.5095744680851,15.5290425531915,12.8576595744681,14.0679787234043,12.026170212766,12.3115957446809,11.5244680851064,11.9367021276596,12.2397872340426,9.44170212765957,9.53074468085106,10.4546808510638
"16","Azerbaijan",10205985,15.9382278481013,15.0592405063291,14.7279746835443,12.2045569620253,13.4332911392405,13.0544303797468,12.0983544303797,13.4793670886076,13.1592405063291,13.4574683544304,12.5316455696203,12.9337974683544,13.0362025316456,13.4563291139241,14.2351898734177,12.6124050632911,13.3107594936709,12.9037974683544,12.7408860759494,14.0967088607595,11.9440506329114,14.1281012658228,12.7553164556962,12.9269620253165
"17","Bahamas",331992,6.4009375,5.3046875,4.6603125,4.24375,4.074375,4.1846875,4.4225,4.795625,4.6840625,4.1503125,3.3746875,3.5153125,4.1075,4.0803125,3.5521875,3.105,3.3153125,3.0171875,3.3946875,3.5646875,3.3559375,3.440625,3.24875,3.74875
"18","Bahrain",1367240,13.06,13.7175,17.26,13.225,13.9775,13.9275,13.175,14.21,16.1775,15.9975,17.7975,20.0075,20.3925,18.5525,20.79,17.4575,17.9425,19.235,17.2775,21.17,19.805,19.205,17.1,17.8575
"19","Bangladesh",164804810,44.083125,44.0003125,49.8178125,51.9115625,51.7796875,53.25609375,52.465625,57.311875,62.16875,60.3421875,63.33109375,68.4128125,63.7646875,67.9303125,68.82984375,64.22453125,66.99703125,63.20515625,64.09109375,61.595625,73.59328125,65.0403125,73.515,71.80078125
"20","Barbados",297599,2.32636363636364,2.96272727272727,2.45909090909091,3.00727272727273,2.48363636363636,2.83727272727273,2.58545454545455,2.85636363636364,2.71181818181818,2.56909090909091,2.66636363636364,3.06454545454545,3.74454545454545,2.68727272727273,2.94636363636364,2.36727272727273,2.17090909090909,2.36545454545455,2.70454545454545,2.89090909090909,2.53090909090909,2.43636363636364,2.34545454545455,2.54545454545455
"21","Belarus",9439125,17.5130508474576,17.7345762711864,15.7027966101695,15.804406779661,19.4410169491525,15.530593220339,16.0181355932203,15.3897457627119,16.1731355932203,14.5280508474576,15.1477966101695,16.6810169491525,17.408220338983,15.4414406779661,14.9558474576271,15.6134745762712,15.3222881355932,13.760593220339,12.9400847457627,13.129406779661,13.8305084745763,11.5895762711864,11.0928813559322,12.6327966101695
"22","Belgium",11779045,14.8954545454545,13.9481818181818,12.5490909090909,12.4963636363636,12.5536363636364,14.3881818181818,12.73,12.3536363636364,13.4354545454545,15.3272727272727,14.9072727272727,15.9054545454545,15.7318181818182,14.9827272727273,13.1572727272727,14.15,11.2590909090909,10.9227272727273,10.8590909090909,10.4027272727273,10.6518181818182,9.19090909090909,8.07545454545455,9.70181818181818
"23","Belize",389706,15.29,11.905,11.4966666666667,12.0716666666667,11.6066666666667,14.6066666666667,10.73,15.1183333333333,12.2983333333333,11.94,10.975,10.8,12.0983333333333,12.9316666666667,9.81666666666667,11.99,10.5516666666667,10.35,9.61166666666667,10.5616666666667,9.63666666666667,10.5866666666667,13.16,10.6766666666667
"24","Benin",13275471,15.2566666666667,14.9042307692308,16.1701282051282,16.8991025641026,16.6621794871795,18.3375641025641,19.3332051282051,19.5067948717949,17.5914102564103,18.6058974358974,19.2864102564103,18.2644871794872,18.2296153846154,17.3675641025641,16.4319230769231,15.6429487179487,15.5735897435897,15.8907692307692,17.304358974359,17.4847435897436,16.9435897435897,16.1558974358974,16.760641025641,17.3421794871795
"25","Bermuda",66048,5.16454545454545,4.36727272727273,5.09545454545455,4.65090909090909,4.45363636363636,4.34818181818182,4.51909090909091,4.80909090909091,4.25090909090909,4.81090909090909,4.07272727272727,3.45363636363636,3.78818181818182,3.80181818181818,3.81454545454545,3.45818181818182,3.74909090909091,3.53454545454545,3.09,3.13454545454545,2.99181818181818,3.09,3.23818181818182,3.30454545454545
"26","Bhutan",858187,17.4638048780488,17.858,22.514487804878,25.6200975609756,24.3553658536585,25.7087317073171,25.0991219512195,26.3936585365854,26.8164390243902,25.5409756097561,25.9496585365854,30.607756097561,25.1725365853659,26.0380975609756,29.0303414634146,25.760487804878,28.0436097560976,27.4479512195122,26.0674146341463,26.3937073170732,28.3931707317073,27.1083414634146,27.9678048780488,28.3145853658537
"27","Bolivia",11759069,18.9871428571429,20.245,19.2671428571429,20.9716071428571,22.8877678571429,23.3594642857143,26.1910714285714,25.5091071428571,22.794375,27.5153571428571,22.3925,21.5457142857143,28.0296428571429,23.6453571428571,21.7753571428571,20.8841071428571,21.7634821428571,22.7463392857143,22.6173214285714,22.86125,21.4627678571429,22.9589285714286,24.1750892857143,22.1233035714286
"28","Bonaire, Sint Eustatius and Saba",22605,3.26,4.06,3.29,3.48333333333333,2.81,3.45666666666667,3.21666666666667,4.24666666666667,3.77,3.52333333333333,3.51,3.55333333333333,5.54333333333333,3.51666666666667,3.86,2.9,2.80666666666667,2.98333333333333,3.50333333333333,3.47333333333333,2.95333333333333,3.18,2.91,3.08333333333333
"29","Bosnia and Herzegovina",3816193,26.0627777777778,24.8411111111111,24.0083333333333,26.1105555555556,26.745,28.4977777777778,25.85,28.0166666666667,28.8961111111111,25.8072222222222,24.8666666666667,25.0744444444444,25.3383333333333,31.3183333333333,28.0711111111111,25.0061111111111,23.0633333333333,28.0938888888889,26.0894444444444,25.4155555555556,24.0672222222222,20.9844444444444,22.8705555555556,22.0577777777778
"30","Botswana",2350003,15.9736666666667,14.4043333333333,13.4416666666667,15.7226666666667,14.3526666666667,16.297,14.2646666666667,16.1886666666667,13.414,15.0663333333333,15.697,15.0356666666667,18.469,13.46,14.963,14.5766666666667,12.233,15.436,14.2053333333333,13.7523333333333,14.4813333333333,13.4106666666667,11.8836666666667,13.123
"31","Bouvet Island",0,NA,NA,NA,NA,NA,NA,NA,NA,NA,NA,NA,NA,NA,NA,NA,NA,NA,NA,NA,NA,NA,NA,NA,NA
"32","Brazil",213107172,8.54773689877961,7.65601938262742,8.33386575735822,9.98872577171572,10.9704845656856,10.875924264178,10.8812185929648,10.7028876525485,10.3600969131371,11.442955850682,10.5302853553482,10.5040326633166,10.6974174443647,10.2276022972003,9.97294149318019,9.93644651830581,10.0029809763101,10.9443377602297,10.1527584350323,10.0248671931084,9.92214824120603,10.0482806891601,9.80487975592247,10.2409601579325
"33","British Indian Ocean Territory",0,NA,NA,NA,NA,NA,NA,NA,NA,NA,NA,NA,NA,NA,NA,NA,NA,NA,NA,NA,NA,NA,NA,NA,NA
"34","British Virgin Islands",33045,2.484,3.15,2.396,2.46,1.99,2.076,1.858,2.712,2.62,2.398,1.898,2.092,3.54,1.908,2.34,1.79,1.822,2.004,2.092,2.33,1.856,1.882,2.012,2.126
"35","Brunei",463802,15.1694871794872,5.41538461538462,5.38230769230769,5.90794871794872,9.67769230769231,8.08923076923077,8.79717948717949,8.30025641025641,11.0141025641026,6.92820512820513,6.06461538461538,11.9571794871795,7.67692307692308,8.81051282051282,8.7525641025641,7.93615384615385,8.33307692307692,11.5346153846154,9.03923076923077,5.89974358974359,7.43358974358974,10.8105128205128,6.41230769230769,6.50461538461538
"36","Bulgaria",6914894,23.8616349809886,21.3588212927757,22.4925475285171,23.464144486692,23.5263498098859,24.7838403041825,21.5331558935361,23.3558935361217,25.0600760456274,22.3749429657795,21.0334220532319,19.5685551330798,17.6126235741445,26.2725095057034,21.7155513307985,19.0361977186312,18.6755513307985,18.0392395437262,17.4004562737643,18.5293155893536,17.7596577946768,16.6160456273764,16.7585171102662,17.6543726235741
"37","Burkina Faso",21364329,7.29155555555556,7.21977777777778,7.45622222222222,7.08066666666667,7.06844444444444,8.14755555555556,8.58511111111111,9.052,8.42688888888889,8.70711111111111,8.34822222222222,9.28866666666667,10.0315555555556,9.096,8.55444444444444,8.064,8.99711111111111,8.39177777777778,8.12333333333333,8.58066666666667,8.75911111111111,8.506,7.74244444444444,8.59111111111111
"38","Burundi",12242276,27.6821804511278,20.4841353383459,31.5784210526316,37.1706015037594,33.2763909774436,29.621954887218,35.2551879699248,34.953984962406,29.8700751879699,38.826992481203,36.7865413533835,34.1085714285714,36.2706766917293,37.0962406015038,36.8877443609023,38.2725563909774,33.8062406015038,35.5051879699248,34.0633834586466,29.1414285714286,29.379022556391,33.7205263157895,33.3259398496241,32.155037593985
"39","Cabo Verde",554255,2.97818181818182,3.01181818181818,2.69590909090909,2.48772727272727,2.21272727272727,2.545,2.30363636363636,2.57909090909091,2.53681818181818,2.38318181818182,2.36590909090909,2.18545454545455,2.49590909090909,2.09181818181818,2.03909090909091,2.14909090909091,1.875,2.42409090909091,2.10363636363636,2.24818181818182,2.29727272727273,2.21272727272727,2.02590909090909,2.63727272727273
"40","Cambodia",17297449,14.3484653465347,13.3308910891089,16.4599504950495,16.5742574257426,16.9292079207921,18.5231683168317,20.1093069306931,19.7881683168317,18.1239108910891,20.6865346534653,19.6205940594059,17.0031683168317,19.0927722772277,18.2906930693069,16.0921782178218,19.8340099009901,17.5818316831683,16.4013366336634,17.1330198019802,16.4877722772277,18.5912871287129,17.3691584158416,21.3697524752475,19.9490099009901
"41","Cameroon",28568738,34.4381034482759,32.1039655172414,33.5787931034483,35.5024137931035,33.2005172413793,33.2610344827586,34.2062068965517,34.1910344827586,31.4553448275862,32.5113793103448,35.3765517241379,33.3579310344828,34.2229310344828,33.1091379310345,32.5424137931034,33.6977586206897,31.3951724137931,30.2998275862069,33.0794827586207,33.8324137931034,33.2860344827586,32.1820689655172,33.9625862068966,33.5798275862069
"42","Canada",37325048,7.28653979238754,6.71512110726644,6.37038062283737,6.61370242214533,6.66588235294118,6.92910034602076,6.44851211072664,6.82546712802768,6.20934256055363,5.97397923875433,5.99453287197232,5.60799307958477,5.62979238754325,5.88965397923875,5.67519031141869,5.79730103806228,5.92100346020761,5.90851211072664,4.86346020761246,5.48660899653979,5.36941176470588,4.95391003460208,4.8739446366782,6.62885813148789
"43","Cayman Islands",57815,7.99166666666667,7.325,6.575,5.92833333333333,7.13666666666667,7.42,6.11833333333333,6.70333333333333,6.47,6.63333333333333,5.98666666666667,6.345,6.31166666666667,7.66333333333333,6.25666666666667,6.28666666666667,6.75333333333333,7.26333333333333,6.16166666666667,6.23833333333333,6.92833333333333,7.66833333333333,6.79666666666667,7.41166666666667
"44","Central African Republic",5395752,27.2294117647059,25.8262745098039,25.8907843137255,22.0066666666667,22.14,23.2470588235294,23.7639215686275,23.2656862745098,21.2907843137255,23.6413725490196,23.8705882352941,24.3833333333333,24.5054901960784,26.1766666666667,24.1764705882353,25.6364705882353,24.0374509803922,23.6423529411765,24.1949019607843,23.1343137254902,25.33,24.9717647058824,24.8247058823529,23.716862745098
"45","Chad",17452358,10.9434545454545,10.4209090909091,10.3269090909091,9.12163636363636,9.31581818181818,10.156,10.6076363636364,9.99636363636364,10.0770909090909,10.2425454545455,10.0796363636364,9.72181818181818,11.024,10.6905454545455,10.5283636363636,9.69545454545455,10.0225454545455,10.0812727272727,10.3585454545455,10.7325454545455,11.0549090909091,10.8363636363636,11.1536363636364,10.8534545454545
"46","Chile",17984410,10.8896363636364,12.1530909090909,11.3198181818182,11.8796363636364,11.7547272727273,11.9041818181818,12.3465454545455,11.8249090909091,12.3161818181818,12.9178181818182,13.4169090909091,12.1950909090909,12.6312727272727,13.7110909090909,12.7898181818182,12.9485454545455,13.426,14.072,14.9810909090909,13.8541818181818,12.7549090909091,12.494,12.2369090909091,14.1283636363636
"47","China",1402508466,28.2903296703297,27.2943406593407,30.8012912087912,32.1611813186813,33.9703021978022,38.9392032967033,37.7514835164835,40.2939010989011,42.7486813186813,42.9529395604396,42.8547252747253,40.7803021978022,39.4096703296703,45.1568681318681,42.4567857142857,43.9160989010989,42.5673626373626,39.5482692307692,36.9396703296703,35.3196153846154,31.0444230769231,30.3656043956044,27.7371153846154,26.5415659340659
"48","Christmas Island",1702,2.93,3.56,2.76,3,2.95,2.59,2.95,2.99,3.38,3.57,2.6,3.31,2.62,3.09,3.77,3.05,4.39,4.33,4.51,2.79,3.13,3.11,2.79,2.18
"49","Clipperton Island",0,NA,NA,NA,NA,NA,NA,NA,NA,NA,NA,NA,NA,NA,NA,NA,NA,NA,NA,NA,NA,NA,NA,NA,NA
"50","Cocos Islands",493,1.38,1.76,1.97,1.58,1.87,1.68,2.18,1.72,2.1,2.19,1.63,1.99,1.81,2.19,2.37,1.91,2.16,2.48,1.98,1.99,2.01,2.16,1.72,1.81
"51","Colombia",50092132,10.9192933810376,9.21735241502683,12.7361538461538,16.5699016100179,15.096198568873,17.3931037567084,15.4015026833631,15.7432915921288,15.4551788908766,15.5237924865832,14.9751162790698,15.3511180679785,17.0598658318426,16.3737656529517,16.394168157424,16.0177549194991,16.6127996422182,15.8432200357782,16.6344454382826,15.8347584973166,15.1543649373882,16.1983005366726,16.0333899821109,13.9789266547406
"52","Comoros",797402,6.69666666666667,6.54,6.62,6.91,5.87666666666667,6.51333333333333,5.89666666666667,6.61333333333333,7.85666666666667,8.17333333333333,6.69333333333333,7.8,7.52,7.76666666666667,7.19666666666667,7.80666666666667,5.98666666666667,6.60666666666667,7.17666666666667,7.49333333333333,7.08333333333333,7.16666666666667,6.96666666666667,6.47666666666667
"53","Cook Islands",6273,0.875454545454545,1.07181818181818,1.23090909090909,1.23545454545455,1.42727272727273,1.39181818181818,1.24272727272727,1.55454545454545,1.38727272727273,1.32272727272727,1.19545454545455,1.24909090909091,1.21,1.07090909090909,1.24545454545455,1.24272727272727,1.34636363636364,1.37454545454545,1.40909090909091,1.29545454545455,1.33272727272727,1.39363636363636,1.45363636363636,1.18272727272727
"54","Costa Rica",5123419,12.1056097560976,9.39243902439024,9.50073170731707,10.919756097561,10.0179268292683,12.0137804878049,10.7214634146341,12.5868292682927,12.2882926829268,12.7079268292683,12.4034146341463,12.079512195122,14.614512195122,14.0307317073171,12.6962195121951,12.7935365853659,12.0948780487805,11.6885365853659,12.7813414634146,13.3314634146341,11.6040243902439,12.014756097561,12.5062195121951,12.3108536585366
"55","Côte d'Ivoire",28001030,11.4393939393939,10.6545454545455,11.8081818181818,12.5675757575758,11.8157575757576,12.9457575757576,13.1733333333333,13.4845454545455,12.7063636363636,12.4878787878788,12.7912121212121,13.3993939393939,12.8075757575758,12.6821212121212,10.8457575757576,10.8790909090909,10.8893939393939,11.0021212121212,10.8184848484848,10.830303030303,10.9472727272727,11.0654545454545,10.3127272727273,10.5433333333333
"56","Croatia",4147707,19.7278035714286,18.3288035714286,17.6364464285714,19.72375,20.0444107142857,21.0219107142857,18.9542142857143,20.7895892857143,20.9581785714286,17.2085357142857,16.831875,17.5363214285714,17.6285535714286,21.5069285714286,17.9169285714286,17.1109464285714,14.8691964285714,17.9739464285714,16.9497678571429,16.9924821428571,16.0763571428571,13.2519285714286,13.8359285714286,14.4292321428571
"57","Cuba",10882994,8.24458333333333,7.59708333333333,7.61702380952381,7.76863095238095,7.89857142857143,7.68702380952381,7.21422619047619,7.62952380952381,7.06125,6.58738095238095,5.68636904761905,6.29755952380952,7.03095238095238,7.22041666666667,6.16494047619048,6.30166666666667,6.39946428571429,6.32369047619048,6.15071428571429,6.31886904761905,6.08922619047619,6.49565476190476,6.54809523809524,6.85327380952381
"58","Curaçao",148910,3.69,4.59,3.3,3.52,3.23,4.45,4.21,4.86,4.01,4.31,4.62,3.65,7.14,4.55,4.3,3.73,3.25,3.18,4.32,4.34,3.49,4.15,3.78,3.59
"59","Cyprus",831156,11.884,11.892,14.31,13.318,11.574,11.952,11.344,12.37,12.53,12.782,12.596,12.962,11.244,16.734,18.272,12.326,11.86,12.342,11.292,11.838,10.526,10.338,11.386,12.104
"60","Czechia",10710377,19.3933673469388,18.4557142857143,18.0215306122449,19.614387755102,21.0147959183673,20.8755102040816,18.9522448979592,20.764693877551,20.8470408163265,15.3315306122449,15.2004081632653,17.1436734693878,19.7792857142857,18.4886734693878,16.2786734693878,17.2802040816327,16.5524489795918,14.6885714285714,15.0086734693878,14.9466326530612,15.2724489795918,11.4374489795918,11.5579591836735,12.8191836734694
"61","Democratic Republic of the Congo",104994937,34.9235564853556,26.5309205020921,32.7042259414226,35.0175732217573,35.2838075313808,33.4916736401674,35.7728033472803,35.488870292887,30.2815062761506,33.6948117154812,34.8684937238494,34.6089958158996,37.801589958159,36.0017991631799,37.8558577405858,39.4226359832636,34.4878242677824,36.9012552301255,34.3902510460251,30.3823430962343,31.6737656903766,34.7206694560669,33.6720083682008,33.8310878661088
"62","Denmark",5801338,11.8565656565657,11.859696969697,11.7888888888889,10.5768686868687,11.1619191919192,12.5647474747475,9.18666666666667,9.59989898989899,10.4138383838384,9.24252525252525,9.10050505050505,10.1435353535354,10.4640404040404,11.9473737373737,8.58020202020202,8.27373737373737,10.0672727272727,8.2879797979798,7.73979797979798,7.6669696969697,9.04,8.06848484848485,6.81272727272727,8.01474747474747
"63","Djibouti",921088,11.992380952381,13.9861904761905,15.4380952380952,12.7580952380952,14.1704761904762,14.5314285714286,14.3542857142857,14.7819047619048,15.8752380952381,16.2485714285714,15.2766666666667,15.5257142857143,17.3809523809524,18.4838095238095,17.1614285714286,16.2709523809524,16.0604761904762,16.9047619047619,15.7338095238095,17.2633333333333,17.6195238095238,17.4166666666667,15.4085714285714,15.802380952381
"64","Dominica",68581,2.329,3.265,2.488,2.896,2.122,2.675,2.738,3.2,2.947,2.435,2.524,2.849,3.889,2.82,2.542,2.136,2.23,2.086,2.457,2.517,2.178,2.356,2.382,2.485
"65","Dominican Republic",10530269,6.41490322580645,6.38206451612903,6.30058064516129,7.79696774193548,7.2138064516129,8.08741935483871,6.55632258064516,8.68793548387097,7.68709677419355,7.35948387096774,6.87406451612903,6.80729032258064,8.64348387096774,7.58103225806452,7.09174193548387,7.11129032258065,7.594,7.43335483870968,7.8701935483871,8.43709677419355,7.85387096774194,7.9478064516129,7.51941935483871,8.09322580645161
"66","Ecuador",17062470,10.1694618834081,9.60650224215247,12.43466367713,14.7408968609865,14.7938565022422,15.4889686098655,16.2689237668161,17.1113004484305,15.802466367713,16.0054708520179,16.1478475336323,15.8030493273543,17.5274439461883,15.8783856502242,16.1229596412556,15.954932735426,15.6834080717489,15.7052914798206,16.1825560538117,15.6183408071749,15.2940807174888,14.8562780269058,15.2881614349776,15.1095515695067
"67","Egypt",106245735,16.8635588235294,17.7695882352941,19.9431764705882,17.3094117647059,15.3598823529412,15.2453529411765,15.1199705882353,15.5609411764706,17.3909705882353,16.7485882352941,16.1844705882353,16.1740882352941,14.8068235294118,17.8064117647059,19.1497941176471,15.7903529411765,15.9681176470588,17.3897058823529,16.3411470588235,18.2116764705882,16.6317647058824,16.2875882352941,17.0607647058824,17.5029117647059
"68","El Salvador",6485597,27.1433458646617,20.2487969924812,23.9605263157895,22.3697368421053,21.9972932330827,26.0911654135338,21.8017669172932,27.5812406015038,22.6779323308271,24.9686842105263,25.3111654135338,25.542969924812,27.0715037593985,28.3452255639098,25.271015037594,27.6024060150376,24.2516165413534,22.9192481203008,24.8184210526316,25.4707142857143,24.0563909774436,25.5282706766917,26.9027067669173,24.8991729323308
"69","Equatorial Guinea",839050,22.7528125,19.221875,24.47,24.970625,23.674375,23.9090625,25.5653125,21.408125,20.2303125,24.753125,26.9246875,25.33,26.98125,25.6921875,24.408125,26.5940625,23.5728125,25.2853125,26.7803125,24.90875,25.59,25.618125,27.6446875,28.40125
"70","Eritrea",6087587,11.5884,11.9032,12.429,11.1032,12.2806,12.2042,11.0076,11.7752,12.581,13.1256,13.261,12.8262,12.7858,14.8632,13.3156,12.331,12.9362,13.8168,13.1648,15.281,14.3348,13.2786,12.1736,13.5452
"71","Estonia",1210354,10.0082959641256,10.4437668161435,8.67192825112108,9.02511210762332,10.0230044843049,9.58730941704036,8.90677130044843,9.08914798206278,10.6686547085202,9.95869955156951,9.47632286995516,9.69219730941704,10.2428251121076,8.33816143497758,8.79847533632287,8.38829596412556,9.07847533632287,7.40995515695067,6.86838565022421,6.31390134529148,8.14883408071749,6.34793721973094,6.10793721973094,7.32636771300448
"72","Ethiopia",110966009,7.71582278481013,7.80430379746835,12.0927848101266,13.5439240506329,13.3454430379747,13.369746835443,13.3792405063291,13.9405063291139,14.6173417721519,16.3705063291139,14.7754430379747,15.0572151898734,15.9907594936709,17.1958227848101,15.2560759493671,15.923164556962,15.3701265822785,16.706835443038,15.6925316455696,15.8572151898734,15.5405063291139,15.3775949367089,15.9129113924051,16.1458227848101
"73","Falkland Islands",2884,1.4,1.64,1.36,1.43,1.7,1.53,1.44,1.72,1.79,1.89,2.13,1.71,1.7,1.95,1.53,1.64,1.91,1.75,1.69,1.72,1.76,1.83,1.9,2
"74","Faroe Islands",46808,2.51266666666667,2.856,2.736,2.67666666666667,2.783,3.45533333333333,2.46433333333333,2.35466666666667,2.968,2.39166666666667,2.76266666666667,2.902,2.63766666666667,2.67333333333333,2.12066666666667,2.89766666666667,3.39833333333333,2.49533333333333,1.84866666666667,2.45766666666667,2.606,2.70466666666667,2.371,2.502
"75","Fiji",894668,1.60266666666667,2.324,2.40933333333333,2.23333333333333,2.28866666666667,2.18466666666667,2.30666666666667,2.31666666666667,2.22466666666667,2.534,3.342,2.426,2.494,2.66933333333333,2.38133333333333,2.45,2.27133333333333,2.464,2.31266666666667,2.89,2.65933333333333,2.52466666666667,2.08866666666667,2.20666666666667
"76","Finland",5458427,6.66714285714286,7.01095238095238,6.08904761904762,6.33571428571429,6.20142857142857,6.63095238095238,6.44857142857143,6.39619047619048,7.59428571428571,6.7152380952381,5.88809523809524,6.28714285714286,7.07142857142857,6.1247619047619,6.19380952380952,5.45333333333333,6.26523809523809,5.12714285714286,4.90285714285714,4.24761904761905,5.06333333333333,4.2952380952381,4.29952380952381,5.00238095238095
"77","France",65606656,12.5226041666667,12.0226041666667,10.9805208333333,12.6396875,11.8148958333333,12.4797916666667,10.7177083333333,11.2223958333333,10.9095833333333,10.80375,11.3179166666667,12.625,13.509375,12.9358333333333,11.2867708333333,12.0203125,8.845,9.70104166666667,9.12354166666667,8.64927083333333,8.45541666666667,7.19114583333333,7.17395833333333,8.48447916666667
"78","French Guiana",288586,4.27095238095238,4.70809523809524,4.68238095238095,6.97380952380952,5.96333333333333,6.41714285714286,6.66952380952381,6.6952380952381,6.51428571428571,6.19238095238095,7.08333333333333,7.05952380952381,6.47047619047619,6.07952380952381,6.27285714285714,5.75190476190476,5.38095238095238,5.75333333333333,5.81095238095238,5.85857142857143,5.63904761904762,5.94285714285714,5.57333333333333,6.16095238095238
"79","French Polynesia",237315,0.96,1.122,1.214,1.234,1.518,1.37,1.248,1.568,1.186,1.33,1.06,1.166,1.122,0.96,1.156,1.196,1.28,1.272,1.17,1.182,1.302,1.368,1.326,1.286
"80","French Southern Territories",0,NA,NA,NA,NA,NA,NA,NA,NA,NA,NA,NA,NA,NA,NA,NA,NA,NA,NA,NA,NA,NA,NA,NA,NA
"81","Gabon",2277423,21.9243243243243,18.1813513513514,22.3732432432432,23.6351351351351,21.5305405405405,21.7672972972973,24.4791891891892,20.0986486486486,18.8640540540541,23.5324324324324,26.9602702702703,24.3602702702703,25.5335135135135,24.9002702702703,23.9086486486486,26.7827027027027,24.2527027027027,24.4924324324324,25.6813513513514,22.7948648648649,24.8889189189189,24.4248648648649,26.1362162162162,24.7359459459459
"82","Gambia",2207303,6.93513513513513,7.36513513513514,6.90621621621622,5.91081081081081,5.40108108108108,6.26135135135135,5.88027027027027,6.26162162162162,6.99378378378378,6.34054054054054,6.62,7.20486486486486,7.65918918918919,6.62378378378378,6.96,6.68864864864865,6.76162162162162,7.28567567567568,6.32513513513514,6.7672972972973,5.91837837837838,7.22756756756757,7.39756756756757,7.53783783783784
"83","Georgia",4925584,15.0823188405797,13.968115942029,14.5060869565217,14.135652173913,14.0591304347826,13.9469565217391,13.0121739130435,14.0550724637681,13.6591304347826,14.5111594202899,13.7966666666667,14.4560869565217,12.5755072463768,15.1501449275362,15.0986956521739,14.6378260869565,15.0631884057971,14.7169565217391,13.0123188405797,15.2540579710145,12.9201449275362,14.2759420289855,13.8859420289855,13.6188405797101
"84","Germany",79867443,14.5504466501241,13.8892803970223,13.1204962779156,13.1638461538462,13.6482878411911,14.5580893300248,13.3580148883375,13.4787593052109,13.8758808933002,11.9520595533499,12.1941191066998,13.4741687344913,14.3373200992556,13.7422580645161,11.2340198511166,12.2809677419355,11.8467741935484,10.6869478908189,10.5936724565757,10.6345905707196,10.7225558312655,8.65143920595533,7.86292803970223,9.12595533498759
"85","Ghana",32327350,12.3664615384615,11.8362307692308,15.0158461538462,15.0498461538462,14.2360384615385,15.1654230769231,15.4689615384615,15.7273076923077,14.7263076923077,15.1473461538462,15.7293076923077,15.1641153846154,15.1501923076923,14.849,12.8902307692308,12.2134615384615,12.3861538461538,12.9378461538462,13.5555,13.4474230769231,13.2347692307692,13.3138846153846,13.1705384615385,13.1311923076923
"86","Gibraltar",24797,9.85,10.05,9.29,10.22,10.99,10.14,9.92,10.13,11.02,12.22,10.3,12,8.62,10.24,10.37,10.12,9.22,10.38,8.36,8.86,10.06,9.66,8.59,9.7
"87","Greece",10403252,14.7721428571429,13.7392857142857,14.7557142857143,13.97,15.0914285714286,15.9735714285714,13.0792857142857,14.6507142857143,15.7014285714286,15.4792857142857,13.87,12.7864285714286,10.0135714285714,15.9385714285714,14.5157142857143,11.6621428571429,11.7714285714286,12.7,11.7907142857143,12.2821428571429,11.6071428571429,10.9885714285714,11.45,11.8057142857143
"88","Greenland",31286,1.49,1.5475,1.3975,1.1375,1.21,1.3575,1.5225,1.295,1.2325,1.245,1.54,1.2425,1.3075,1.2575,1.345,1.275,1.475,1.1525,0.9775,1.2325,0.995,1.3,1.1375,1.225
"89","Grenada",105643,2.30857142857143,3.02142857142857,2.52857142857143,3.09428571428571,2.49142857142857,2.80142857142857,2.70857142857143,2.90571428571429,2.70142857142857,2.54428571428571,2.75285714285714,3.00285714285714,3.98428571428571,2.87857142857143,2.98857142857143,2.39428571428571,2.23285714285714,2.46285714285714,2.71285714285714,2.94857142857143,2.46,2.54714285714286,2.30857142857143,2.55857142857143
"90","Guadeloupe",362440,2.3175,3.3125,2.745,2.950625,2.2765625,2.7390625,2.970625,3.28,3.1790625,2.535,2.63375,2.9246875,4.1403125,2.9184375,2.654375,2.2328125,2.4378125,2.211875,2.608125,2.6771875,2.3434375,2.5584375,2.5459375,2.7025
"91","Guam",164967,0.783684210526316,0.800526315789474,0.908421052631579,1.05578947368421,1.19052631578947,1.42263157894737,1.48157894736842,1.43736842105263,1.53684210526316,1.32473684210526,1.22894736842105,1.34894736842105,1.16210526315789,1.35894736842105,1.73473684210526,1.52526315789474,1.96315789473684,2.20684210526316,1.17526315789474,1.37210526315789,1.12578947368421,1.30315789473684,1.04263157894737,1.29631578947368
"92","Guatemala",17402899,27.8467231638418,21.0675706214689,28.6720903954802,26.2365254237288,25.3100847457627,30.3225141242938,23.9862711864407,30.2482768361582,26.7156214689266,28.0745762711864,26.7920621468927,28.3139830508475,27.9069491525424,28.8722598870057,28.286779661017,29.5482203389831,27.6270056497175,26.7612429378531,28.0956497175141,27.8550847457627,25.5066101694915,27.1467231638418,29.0522881355932,28.6510169491525
"93","Guernsey",66747,10.4141666666667,8.9125,8.07666666666667,7.87583333333333,7.89333333333333,9.20333333333333,7.67583333333333,7.64333333333333,7.965,8.07833333333333,8.86166666666667,9.01,9.75833333333333,9.76833333333333,8.63166666666667,9.39333333333333,8.0125,6.8075,7.5125,6.96666666666667,7.87083333333333,7.55916666666667,6.55083333333333,8.29416666666667
"94","Guinea",12795452,14.6223529411765,12.9711764705882,11.905,10.845,9.60147058823529,11.2361764705882,11.8432352941176,11.4097058823529,11.0023529411765,10.5582352941176,11.2282352941176,13.2188235294118,13.0311764705882,11.5882352941176,10.7547058823529,11.5964705882353,11.6691176470588,10.75,10.7426470588235,10.8720588235294,10.3485294117647,11.0494117647059,10.6344117647059,11.0714705882353
"95","Guinea-Bissau",1900902,8.71351351351351,9.01891891891892,8.6872972972973,7.57243243243243,6.61324324324324,7.78135135135135,7.88702702702703,8.15675675675676,8.56027027027027,7.88702702702703,8.01189189189189,9.45108108108108,9.24378378378378,8.22540540540541,8.01621621621622,8.1027027027027,8.39486486486486,8.20297297297297,7.52378378378378,7.67783783783784,7.18864864864865,8.3472972972973,8.43027027027027,8.55432432432432
"96","Guyana",747880,5.51810344827586,6.19568965517241,5.85948275862069,9.31646551724138,7.80689655172414,9.3301724137931,8.49525862068966,9.00775862068966,8.37413793103448,7.90862068965517,9.04413793103448,8.42318965517241,9.58827586206896,8.18870689655172,8.07534482758621,7.58077586206897,7.0326724137931,7.22034482758621,7.78172413793103,6.97896551724138,6.73939655172414,7.08491379310345,7.10112068965517,8.04310344827586
"97","Haiti",11010430,8.05731707317073,7.78536585365854,7.27658536585366,8.34829268292683,8.19853658536585,8.83414634146341,7.41634146341463,9.31146341463415,8.77512195121951,8.30268292682927,7.91658536585366,8.30707317073171,9.53951219512195,8.67756097560976,8.20609756097561,8.5309756097561,8.76292682926829,8.79414634146342,8.06853658536585,8.71268292682927,8.47609756097561,8.91317073170732,8.59780487804878,9.49463414634146
"98","Heard Island and McDonald Island",0,NA,NA,NA,NA,NA,NA,NA,NA,NA,NA,NA,NA,NA,NA,NA,NA,NA,NA,NA,NA,NA,NA,NA,NA
"99","Honduras",9310136,22.861744966443,17.6137919463087,23.2735570469799,22.6777516778523,22.4171140939597,27.429932885906,21.9098993288591,27.9403020134228,24.0578523489933,24.251644295302,25.9128187919463,24.3511744966443,25.0034563758389,28.4380536912752,23.7828187919463,26.9958724832215,24.3603691275168,22.604932885906,23.0630536912752,23.7962416107383,21.6559731543624,23.3504026845638,28.5337583892617,25.0052684563758
"100","Hungary",9730511,22.9174404761905,22.6975,19.7444047619048,22.1016666666667,22.6179761904762,23.4760714285714,20.1102976190476,21.2416071428571,21.7378571428571,15.8268452380952,15.8617857142857,18.2170238095238,18.0583928571429,21.4925595238095,17.8434523809524,17.2215476190476,15.3866071428571,17.2470833333333,15.2703571428571,17.1336904761905,15.6111904761905,12.8209523809524,12.5482738095238,13.71875
"101","Iceland",333074,2.54899159663866,2.73680672268908,2.73957983193277,2.78672268907563,3.07949579831933,3.0936974789916,3.09823529411765,2.7372268907563,2.7118487394958,2.59226890756303,2.78773109243697,2.88873949579832,3.54201680672269,2.90781512605042,2.64529411764706,3.03865546218487,3.28361344537815,2.60705882352941,2.70151260504202,2.95529411764706,2.62268907563025,2.96008403361345,2.31546218487395,3.31075630252101
"102","India",1338260837,30.334652173913,30.5027101449275,32.8683043478261,36.5013188405797,36.5278985507246,39.4220724637681,39.0487391304348,39.9064347826087,41.6856811594203,43.1278550724638,45.3610579710145,45.3342898550725,45.3980144927536,48.4944782608696,44.5738550724638,46.2587246376812,45.3006956521739,45.2375797101449,47.580115942029,45.9813333333333,46.5598985507246,48.2226376811594,48.5512753623188,51.0918260869565
"103","Indonesia",271983396,10.7978243512974,11.1239121756487,12.1626147704591,13.3194610778443,17.399500998004,14.1921956087824,16.7550099800399,15.5811576846307,20.8532934131737,15.7499401197605,14.9279041916168,18.2337724550898,15.0993413173653,16.84375249501,17.374251497006,16.8465668662675,20.7272055888224,22.8121157684631,15.7042115768463,14.4737924151697,15.5269261477046,18.8800998003992,13.999381237525,14.9015968063872
"104","Iran",85723033,13.4512686567164,12.850671641791,15.7995895522388,13.5335447761194,14.7051865671642,13.3072014925373,12.8991791044776,14.0838805970149,15.1659701492537,14.9626865671642,16.2564179104478,16.9673880597015,16.3094402985075,17.8843656716418,18.1980970149254,15.6159328358209,17.0379850746269,16.2955597014925,15.4807089552239,17.512052238806,16.6254850746269,17.1933582089552,16.7182835820896,16.2264552238806
"105","Iraq",39646281,17.718137254902,23.8030392156863,24.1094117647059,19.3616666666667,19.4669607843137,17.5373529411765,17.0726470588235,20.1840196078431,19.7171568627451,20.1620588235294,23.6820588235294,26.231568627451,23.585,25.2909803921569,27.673137254902,24.5629411764706,23.403137254902,23.5486274509804,21.5167647058824,23.7321568627451,25.1903921568627,21.9496078431373,21.8898039215686,22.931568627451
"106","Ireland",5023426,6.91452830188679,6.50830188679245,6.23301886792453,7.54132075471698,6.7661320754717,8.23575471698113,5.77990566037736,6.48066037735849,6.23207547169811,6.6761320754717,6.37367924528302,6.17660377358491,7.40047169811321,6.28509433962264,6.12603773584906,7.2072641509434,6.00943396226415,5.23575471698113,5.64481132075472,4.82066037735849,5.47679245283019,5.79764150943396,5.18028301886792,6.30481132075472
"107","Isle of Man",88758,7.35095238095238,6.64047619047619,6.20047619047619,7.11095238095238,6.99142857142857,8.67190476190476,5.42428571428571,6.03285714285714,6.47428571428571,6.59095238095238,6.32476190476191,6.29952380952381,6.93428571428571,6.75952380952381,5.90857142857143,7.31809523809524,6.25333333333333,5.92380952380952,5.69047619047619,5.32190476190476,6.29095238095238,6.37428571428571,5.57476190476191,6.45904761904762
"108","Israel",8893128,10.27,10.7057142857143,13.7928571428571,12.5557142857143,11.3257142857143,10.8985714285714,10.3628571428571,10.78,11.6,11.4128571428571,10.9571428571429,11.5371428571429,10.9971428571429,12.3414285714286,13.72,11.7942857142857,10.7942857142857,13.0171428571429,10.6828571428571,12.0742857142857,12.0971428571429,11.6257142857143,12.6685714285714,12.7014285714286
"109","Italy",61859348,16.4570909090909,15.5004545454545,16.5080909090909,15.9899090909091,17.0508181818182,17.5465454545455,14.9187272727273,16.5912727272727,17.7019090909091,16.4296363636364,14.3508181818182,14.4312727272727,14.255,16.6866363636364,14.7724545454545,13.8724545454545,10.9887272727273,14.621,12.0847272727273,13.9297272727273,11.6085454545455,10.9932727272727,12.1888181818182,11.9318181818182
"110","Jamaica",2782704,9.165,9.63642857142857,9.65357142857143,9.72928571428571,10.5907142857143,11.1092857142857,10.7757142857143,12.35,12.1742857142857,10.6435714285714,11.0185714285714,11.04,12.2942857142857,11.1764285714286,11.1714285714286,10.7757142857143,11.56,11.2057142857143,10.9192857142857,10.555,10.4207142857143,11.5685714285714,11.835,12.19
"111","Japan",123419990,10.5735599778883,9.61591487009397,13.1835268103925,12.2604145936982,12.0550690989497,13.3401713653952,11.5913322277501,12.2958043117745,12.7456550580431,12.1049695964621,13.3526368159204,11.8092647871752,10.3424599226092,10.7848756218905,11.6405306799337,10.7196019900498,11.8471973466003,11.0607904919845,10.4903372028745,10.4367882808181,10.3273576561636,10.2394250967385,9.51479270315091,9.60245992260918
"112","Jersey",97826,10.82,9.57833333333333,8.43333333333333,8.615,8.30583333333333,9.3625,8.07083333333333,7.90166666666667,8.45,8.66666666666667,9.58916666666667,9.86666666666667,10.36,10.5625,9.42,9.91083333333333,8.30166666666667,7.48416666666667,7.94166666666667,7.2775,8.24333333333333,7.3725,6.3575,8.495
"113","Jordan",10912210,12.0261538461538,12.5323076923077,15.5636538461538,14.6723076923077,13.4871153846154,13.3036538461538,12.2334615384615,12.4503846153846,12.8780769230769,13.0771153846154,13.1901923076923,13.7553846153846,12.9240384615385,14.6821153846154,16.8471153846154,13.6203846153846,12.5759615384615,15.1584615384615,13.0188461538462,14.6907692307692,14.5826923076923,13.8446153846154,15.5017307692308,15.7990384615385
"114","Kazakhstan",19244616,11.1349132947977,10.718612716763,10.2885549132948,10.0232947976879,10.976936416185,11.3240462427746,10.7239306358381,11.2847976878613,11.2976300578035,11.5837572254335,13.1823699421965,12.5309826589595,12.4434104046243,12.2431213872832,14.7213294797688,11.1943352601156,11.8257225433526,11.0911560693642,11.8392485549133,12.0765895953757,10.9197687861272,12.0193063583815,11.411098265896,10.924161849711
"115","Kenya",54600463,11.2422666666667,9.75923333333333,13.4575666666667,19.0583333333333,15.6555,16.1517,16.2847666666667,15.9148666666667,16.826,19.5227333333333,16.6944333333333,16.6557,18.4554666666667,18.5524,18.5042666666667,18.7577666666667,16.6736333333333,17.1516333333333,17.1308,15.1313666666667,16.9975333333333,17.3438,18.7653,17.4035666666667
"116","Kiribati",67991,1.07,1.01,1.16,1.2,1.68,1.41,1.46,1.71,1.63,1.26,1.15,1.64,1.2,1.06,1.3,1.4,1.7,2.34,1.31,1.21,1.42,1.82,1.3,1.04
"117","Kosovo",1930871,25.4936666666667,24.5813333333333,23.9976666666667,24.1286666666667,26.3133333333333,27.5696666666667,25.202,26.295,28.8523333333333,26.9186666666667,25.589,24.5266666666667,21.711,33.6246666666667,30.4953333333333,27.1846666666667,24.3996666666667,26.8756666666667,24.582,24.7813333333333,25.0863333333333,20.4736666666667,21.388,20.4073333333333
"118","Kuwait",3010781,14.1733333333333,14.8416666666667,17.9966666666667,13.19,14.9766666666667,12.38,12.195,12.7766666666667,15.075,14.8216666666667,17.2483333333333,18.165,18.4783333333333,16.7983333333333,19.355,15.485,18.6066666666667,18.5883333333333,12.955,17.5583333333333,18.6683333333333,17.7983333333333,16.94,17.13
"119","Kyrgyzstan",5890078,13.2888372093023,11.3255813953488,14.3362790697674,13.766976744186,14.6932558139535,13.3439534883721,13.5397674418605,14.523023255814,14.6632558139535,15.1723255813953,14.3655813953488,15.7413953488372,13.6681395348837,16.3725581395349,17.5567441860465,14.8020930232558,14.0627906976744,14.1951162790698,15.1088372093023,15.4851162790698,14.1218604651163,15.1316279069767,14.1513953488372,14.0716279069767
"120","Laos",7594304,25.7009154929577,22.0109154929577,22.5543661971831,24.4258450704225,24.0009154929577,23.9406338028169,30.7330985915493,29.7158450704225,28.085985915493,32.0166197183099,27.9106338028169,27.4047183098592,31.2399295774648,28.2414788732394,27.0716197183099,28.8835211267606,29.8454929577465,26.5460563380282,29.361338028169,26.4746478873239,24.7327464788732,27.8221830985915,28.3547887323944,27.3478169014085
"121","Latvia",1858752,16.3038461538462,16.395,14.3042307692308,14.6288461538462,16.7538461538462,15.5311538461538,14.2930769230769,14.3861538461538,16.0857692307692,16.0811538461538,16.275,15.6661538461538,16.5703846153846,13.5507692307692,14.6426923076923,14.0715384615385,14.7,12.6153846153846,11.5453846153846,11.3388461538462,13.6973076923077,10.9703846153846,10.6615384615385,12.4261538461538
"122","Lebanon",6052932,13.895,14.646,18.2343333333333,16.5213333333333,15.355,15.0523333333333,13.8403333333333,14.6453333333333,14.906,15.1983333333333,14.161,15.236,13.6576666666667,17.022,18.0913333333333,16.089,14.968,16.1563333333333,14.7706666666667,15.775,15.4273333333333,15.9113333333333,16.561,16.118
"123","Lesotho",2176476,19.763,20.607,21.042,23.533,23.587,25.235,23.635,26.039,26.95,23.748,24.395,25.019,27.144,24.781,23.012,22.432,22.185,21.778,21.756,24.551,22.983,21.342,22.833,22.493
"124","Liberia",5105621,13.7171212121212,12.0140909090909,11.575,12.2024242424242,11.6724242424242,12.8457575757576,12.3266666666667,12.9575757575758,12.2333333333333,11.7763636363636,12.7018181818182,15.0789393939394,13.3839393939394,12.8887878787879,11.1866666666667,12.3395454545455,11.9845454545455,12.250303030303,11.8406060606061,11.3716666666667,11.1818181818182,12.1272727272727,11.1381818181818,10.6275757575758
"125","Libya",7001233,7.88727272727273,7.25090909090909,8.44181818181818,6.70454545454546,6.47227272727273,8.03954545454545,6.23318181818182,6.89863636363636,7.44909090909091,6.92590909090909,6.77863636363636,6.59409090909091,5.55863636363636,7.47590909090909,7.13454545454545,6.92863636363636,5.37454545454545,7.77863636363636,5.87772727272727,6.83909090909091,5.97636363636364,5.965,6.64863636363636,6.32818181818182
"126","Liechtenstein",38969,14.5563636363636,14.81,13.9809090909091,14.8990909090909,16.0963636363636,16.57,14.0018181818182,15.8409090909091,15.6763636363636,13.4436363636364,12.5209090909091,14.1036363636364,14.8218181818182,14.0954545454545,12.1136363636364,13.2945454545455,9.87545454545455,11.67,10.5772727272727,10.6463636363636,10.5790909090909,9.04454545454545,9.46272727272727,10.94
"127","Lithuania",2710633,17.166875,16.4647916666667,14.663125,14.3764583333333,16.2166666666667,15.2708333333333,14.19375,13.911875,15.449375,14.7520833333333,16.7422916666667,16.024375,17.6879166666667,15.0583333333333,15.175,14.7129166666667,15.05625,13.2704166666667,11.728125,11.853125,13.4972916666667,11.1364583333333,10.478125,12.5091666666667
"128","Luxembourg",637013,14.5825,13.5,11.815,11.8408333333333,11.8375,13.5275,12.5466666666667,12.1141666666667,12.435,12.1683333333333,13.0533333333333,14.0308333333333,14.1941666666667,13.4375,11.7633333333333,13.065,10.5858333333333,10.6116666666667,10.05,9.51083333333333,9.605,7.7525,7.03916666666667,8.20416666666667
"129","Macedonia",2120037,25.940875,24.54375,26.887125,26.509375,29.259375,30.65175,25.814875,27.675,29.62575,28.05025,25.5505,24.125125,20.124875,31.9135,28.377625,25.082875,24.181,25.778125,23.555125,23.839875,24.346875,21.026375,19.94075,21.414125
"130","Madagascar",27430097,6.37090909090909,5.73954545454545,7.08318181818182,11.5086363636364,8.66909090909091,9.27818181818182,8.56863636363636,10.1727272727273,9.45181818181818,11.0577272727273,9.49045454545455,10.1304545454545,11.2786363636364,10.4645454545455,9.74772727272727,10.5195454545455,9.50409090909091,10.2759090909091,10.1795454545455,9.51045454545454,9.46318181818182,9.63545454545454,8.00590909090909,9.10818181818182
"131","Malawi",19970408,16.1423868312757,13.8176543209877,14.7569135802469,22.6801234567901,20.4986008230453,20.5127572016461,19.248024691358,20.6540329218107,19.2740329218107,23.6610288065844,21.8759259259259,19.9483950617284,21.2847736625514,20.0277777777778,20.0648148148148,20.3638683127572,18.9103703703704,19.7818930041152,17.5541152263374,17.0488477366255,18.7976131687243,20.1953086419753,15.9693827160494,16.3342798353909
"132","Malaysia",33265680,11.7293055555556,9.99395833333333,12.4802083333333,11.61375,15.5724305555556,12.9184027777778,15.47,14.6199305555556,19.0682638888889,13.4289583333333,12.6921527777778,17.7966666666667,12.3633333333333,14.8811111111111,15.3073611111111,15.6382638888889,16.8263194444444,20.7611111111111,13.4903472222222,11.9743055555556,12.7116666666667,17.8009722222222,11.5232638888889,11.7920138888889
"133","Maldives",253010,6.71,8.41,9.37,8.97,8.39,10.12,9.42,9.01,10.05,11.81,11.12,11.13,9.97,12.81,11.32,10,11.31,9.22,12.1,11.11,11.16,10.27,10.21,8.75
"134","Mali",20119024,5.605,5.9576,5.5664,4.7552,4.6388,5.7512,5.4038,5.7758,5.5486,5.2446,5.4152,6.0114,6.2148,5.9552,5.9162,5.0676,5.7906,5.3896,5.0552,5.626,5.2806,5.4144,5.1088,6.0826
"135","Malta",451380,8.30485294117647,8.18367647058824,8.19897058823529,7.53823529411765,7.82926470588235,10.1044117647059,7.20911764705882,8.21529411764706,8.94102941176471,8.27205882352941,7.91382352941176,7.61544117647059,5.95529411764706,9.09558823529412,7.87514705882353,8.05573529411765,6.19867647058823,8.93926470588235,5.97691176470588,7.17014705882353,6.42044117647059,6.35647058823529,6.58691176470588,6.2675
"136","Marshall Islands",33951,0.746086956521739,0.648260869565217,0.704782608695652,0.677826086956522,0.880434782608696,0.835217391304348,0.846521739130435,0.9,0.958695652173913,0.865217391304348,0.869565217391304,0.931304347826087,1.09782608695652,0.930434782608696,0.88,1.0204347826087,1.11347826086957,1.10826086956522,0.869565217391304,0.871304347826087,1.12739130434783,0.969565217391304,0.829565217391304,0.897391304347826
"137","Martinique",344527,3.0390625,3.85875,3.256875,3.9353125,2.9415625,3.6025,3.54625,4.2296875,3.7146875,3.19625,3.501875,3.8409375,4.7584375,3.5421875,3.5615625,2.79375,2.7175,2.935,3.4896875,3.283125,2.82,2.9253125,2.8040625,2.99
"138","Mauritania",4114938,2.99227272727273,3.32931818181818,3.00295454545455,2.61363636363636,2.62181818181818,3.36363636363636,2.89409090909091,2.92636363636364,3.03590909090909,2.83090909090909,2.92568181818182,3.10431818181818,3.34886363636364,3.10681818181818,3.46045454545455,2.90227272727273,3.14727272727273,3.03227272727273,3.00681818181818,3.15886363636364,2.85045454545455,3.11954545454545,3.04159090909091,3.59545454545455
"139","Mauritius",1339718,4.77909090909091,4.85727272727273,4.47272727272727,4.8,4.77545454545455,4.79272727272727,5.17909090909091,6.42545454545455,5.16727272727273,5.43545454545455,5.21454545454545,5.34727272727273,5.82636363636364,6.07,5.46,5.67818181818182,5.30727272727273,5.30363636363636,5.72272727272727,5.71090909090909,6.24636363636364,5.97818181818182,5.01818181818182,5.55545454545455
"140","Mayotte",262675,8.31,8.26235294117647,8.05352941176471,8.47823529411765,7.12294117647059,8.00411764705882,6.75764705882353,7.99705882352941,9.15647058823529,9.36764705882353,8.15294117647059,9.87411764705882,9.22352941176471,9.76882352941177,8.54,9.97235294117647,7.20588235294118,8.11294117647059,8.62941176470588,8.82235294117647,8.46882352941176,8.90117647058823,8.44470588235294,8.03588235294118
"141","México",130067436,18.0410500610501,13.6541595441595,16.8054375254375,16.3702726902727,16.5461009361009,17.6710256410256,15.5145380545381,17.0611558811559,15.9296581196581,15.4925274725275,15.2750345950346,15.021045991046,14.0529466829467,16.0261457061457,15.1227024827025,15.8080545380545,14.0010948310948,14.915115995116,14.6994057794058,14.7221693121693,13.6361497761498,14.9663614163614,14.9927757427757,14.9550101750102
"142","Micronesia",78383,0.8475,1.00464285714286,1.02607142857143,1.09803571428571,1.42964285714286,1.34375,1.44160714285714,1.29035714285714,1.43267857142857,1.19535714285714,1.09214285714286,1.72946428571429,1.02107142857143,1.41875,1.37392857142857,1.38339285714286,1.8,2.17053571428571,1.22696428571429,1.12464285714286,1.31446428571429,1.34660714285714,0.93875,1.06375
"143","Moldova",3329201,18.9272972972973,18.1694594594595,16.0075675675676,17.9848648648649,19.9172972972973,17.4286486486486,17.3835135135135,17.7791891891892,18.8594594594595,15.5927027027027,15.0021621621622,15.852972972973,14.6772972972973,17.0375675675676,17.8978378378378,15.9908108108108,16.0654054054054,15.1394594594595,14.9978378378378,17.3575675675676,14.3797297297297,12.5205405405405,12.9581081081081,14.5135135135135
"144","Monaco",15795,14.1,12.49,13.87,14.23,14.43,15.91,13.35,14.41,14.18,13.81,12.27,13.23,14.63,15.02,14.39,12.29,9.86,12.38,11.05,12.1,10.39,9.38,9.58,10.12
"145","Mongolia",3196294,11.5155351681957,10.1087767584098,9.08779816513761,10.768623853211,13.4161773700306,14.9882874617737,10.9268501529052,13.0422324159021,14.5156574923547,14.5430275229358,16.234373088685,14.3214067278287,12.5867584097859,13.2980428134557,14.087370030581,12.4252293577982,13.648501529052,12.6618654434251,13.385626911315,12.5161773700306,10.6894495412844,12.5186850152905,11.2171559633028,12.8553211009174
"146","Montenegro",583035,17.5014285714286,16.4519047619048,16.8,17.4904761904762,18.4585714285714,20.7919047619048,17.2257142857143,18.4719047619048,20.0519047619048,19.4561904761905,16.5909523809524,16.5828571428571,14.7761904761905,22.07,20.812380952381,18.2104761904762,15.972380952381,19.2361904761905,16.8461904761905,17.3295238095238,17.2490476190476,15.77,16.4485714285714,16.1790476190476
"147","Montserrat",5268,2.43333333333333,3.15666666666667,2.66,2.78666666666667,2.27666666666667,2.75,2.71,3.40666666666667,3.37333333333333,2.76,2.67666666666667,3.08333333333333,4.29333333333333,2.98333333333333,2.95333333333333,2.28666666666667,2.44333333333333,2.45333333333333,2.75666666666667,2.72666666666667,2.59,2.65,2.52333333333333,2.80333333333333
"148","Morocco",35800311,7.4062962962963,8.25388888888889,6.72537037037037,7.09111111111111,7.42925925925926,7.30277777777778,6.8437037037037,7.89222222222222,7.85759259259259,8.08333333333333,6.9537037037037,6.75777777777778,6.63648148148148,6.83592592592593,6.82648148148148,7.65425925925926,6.32851851851852,7.88981481481482,6.94555555555556,6.12018518518519,7.39796296296296,7.16092592592593,6.76888888888889,7.60407407407407
"149","Mozambique",30804884,15.7641085271318,13.1012403100775,13.0668217054264,18.1931007751938,15.3378294573643,15.9647286821705,15.0586821705426,16.9046511627907,15.6466666666667,18.3111627906977,16.8996899224806,15.3113953488372,17.2065891472868,14.7829457364341,15.9962790697674,15.6550387596899,13.9653488372093,15.4389147286822,13.6391472868217,13.0031007751938,15.372480620155,15.6571317829457,11.5151937984496,12.4004651162791
"150","Myanmar",55897221,26.341125,27.511875,24.532,26.858,27.247125,28.075625,31.75725,30.648,30.914,33.29725,30.36825,34.680125,32.89175,30.718625,31.59075,32.414375,33.625,31.0915,31.423,29.4315,31.109125,32.188,32.846,34.55325
"151","Namibia",2674922,14.9572897196262,14.1814018691589,12.8158878504673,15.0567289719626,14.5776635514019,15.0633644859813,13.3327102803738,15.7977570093458,14.9084112149533,16.364953271028,18.9640186915888,16.6938317757009,18.9690654205607,17.5953271028037,15.8972897196262,15.3633644859813,13.6427102803738,15.1852336448598,14.5652336448598,15.0624299065421,14.898785046729,14.2070093457944,11.2108411214953,12.0726168224299
"152","Nauru",6181,1.33071428571429,1.17857142857143,1.365,1.49357142857143,2.46357142857143,1.71571428571429,1.97142857142857,1.68071428571429,2.09,1.55,1.2,1.97357142857143,1.46928571428571,1.28142857142857,1.81785714285714,1.83357142857143,2.53857142857143,3.575,1.77357142857143,1.55571428571429,1.80142857142857,2.49071428571429,1.55071428571429,1.30357142857143
"153","Nepal",30457421,24.4480519480519,24.5351948051948,32.2764935064935,36.7453246753247,33.1071428571429,34.0868831168831,35.4481818181818,33.7044155844156,38.3018181818182,38.7467532467532,39.4081818181818,42.1307792207792,35.6863636363636,39.671038961039,38.3735064935065,36.8379220779221,37.4401298701299,39.6497402597403,40.8974025974026,37.2635064935065,40.5615584415584,38.0023376623377,38.3951948051948,42.2044155844156
"154","Netherlands",17290824,14.9322535211268,13.2511830985915,13.6236901408451,12.8954084507042,13.7072394366197,14.889014084507,13.2332112676056,12.8776901408451,13.1028732394366,13.5857183098592,14.409661971831,14.814338028169,15.0241408450704,14.7185633802817,11.8655211267606,12.6479718309859,11.9501408450704,10.9201408450704,10.628,10.3991549295775,11.1327042253521,9.53064788732394,8.08915492957746,9.72692957746479
"155","New Caledonia",272794,2.64352941176471,2.66147058823529,3.16941176470588,3.54235294117647,3.23558823529412,2.96147058823529,3.08147058823529,3.12147058823529,2.92823529411765,3.37970588235294,3.69029411764706,3.48676470588235,3.89617647058824,3.945,3.80676470588235,3.90294117647059,3.60705882352941,3.62352941176471,4.07588235294118,3.88352941176471,4.11147058823529,4.57323529411765,3.59235294117647,3.76205882352941
"156","New Zealand",4850453,2.76214285714286,2.91471428571429,2.97257142857143,3.38171428571429,3.096,3.46928571428571,3.14671428571429,3.50557142857143,3.32157142857143,3.58828571428571,3.39857142857143,3.32628571428571,3.55085714285714,3.54842857142857,3.42985714285714,3.70514285714286,3.29814285714286,3.27228571428571,3.24357142857143,3.78257142857143,3.40885714285714,4.68328571428571,3.76328571428571,3.54057142857143
"157","Nicaragua",6218420,15.5703597122302,12.7808633093525,12.6043884892086,14.466690647482,14.2681294964029,16.1546762589928,14.1551079136691,17.7458992805755,14.6509352517986,15.7687050359712,15.2956115107914,13.0865467625899,16.8720143884892,15.8287050359712,13.8589928057554,15.2746043165468,12.6518705035971,12.4764028776978,14.2646762589928,14.9094244604317,12.7723021582734,13.3805035971223,15.4023021582734,13.9630215827338
"158","Niger",23602767,8.05194444444444,7.62305555555556,7.18416666666667,7.02166666666667,7.43194444444444,8.55777777777778,8.52777777777778,8.52333333333333,9.01944444444444,9.08638888888889,9.39027777777778,9.82416666666667,10.655,9.54777777777778,10.5261111111111,8.41583333333333,9.22666666666667,9.57305555555556,9.34444444444444,10.0691666666667,10.2558333333333,10.2780555555556,9.49138888888889,8.30333333333333
"159","Nigeria",218604443,21.5014082687339,18.822015503876,21.1062532299742,22.087519379845,21.8250516795866,21.7668217054264,22.9647416020672,22.8835529715762,21.6325968992248,22.5551033591731,24.347519379845,22.896007751938,24.0707493540052,22.6133333333333,22.554819121447,21.1596899224806,20.9517958656331,20.8901162790698,23.6142506459948,23.4152713178295,23.9827131782946,23.1917054263566,23.8126873385013,23.2796511627907
"160","Niue",1864,0.7,0.75,1.02,0.83,1.04,0.94,0.96,1.1,1.11,0.92,1.06,1.09,0.94,0.93,1.02,1,0.95,1.04,0.91,1.07,1.05,1.07,1,0.94
"161","Norfolk Island",1713,1.51,1.4,1.6,1.52,1.85,1.72,1.63,1.69,1.74,1.7,1.42,1.8,1.6,1.7,1.61,1.64,1.77,1.73,1.69,1.74,1.71,2.96,1.9,1.8
"162","North Korea",25666964,20.0437634408602,18.8523655913978,21.0525806451613,22.1433870967742,20.0159677419355,30.1015053763441,22.9344086021505,24.302688172043,28.8589784946237,25.8853225806452,26.8073655913979,25.9209139784946,20.6071505376344,24.3793010752688,24.5201075268817,23.4998387096774,28.4091397849462,26.9693548387097,24.0288172043011,22.1358602150538,18.995376344086,19.3911827956989,19.4604301075269,18.7763440860215
"163","Northern Cyprus",427552,12.242,12.168,13.588,12.882,11.25,11.624,10.846,11.72,11.94,12.764,12.348,12.73,10.822,16.106,17.788,12.302,11.63,12.134,11.204,11.69,10.424,10.2,11.508,12.172
"164","Northern Mariana Islands",48593,0.85,0.823333333333333,0.966666666666667,1.06,1.18333333333333,1.38666666666667,1.38666666666667,1.44666666666667,1.39666666666667,1.29666666666667,1.39333333333333,1.23666666666667,1.07666666666667,1.23666666666667,1.65666666666667,1.40333333333333,1.43,1.73,0.95,1.16666666666667,0.876666666666667,1.08,0.863333333333333,0.98
"165","Norway",4957068,6.05284595300261,6.04451697127937,5.87464751958225,5.53976501305483,5.92548302872063,6.50054830287206,5.34809399477807,5.33389033942559,6.08945169712794,5.0243864229765,5.04574412532637,5.46425587467363,5.85903394255875,5.70963446475196,4.92906005221932,4.89519582245431,5.21261096605744,4.27028720626632,4.44417754569191,4.12036553524804,4.96626631853786,4.32660574412533,3.82093994778068,4.87125326370757
"166","Oman",3604932,10.0865306122449,10.6155102040816,11.8124489795918,10.3395918367347,11.4151020408163,9.57061224489796,9.64020408163265,9.9630612244898,12.9459183673469,11.2426530612245,12.7555102040816,13.9910204081633,13.0661224489796,12.7716326530612,13.8955102040816,13.119387755102,13.7840816326531,13.0679591836735,13.2661224489796,12.275306122449,13.560612244898,13.540612244898,11.5344897959184,12.3961224489796
"167","Pakistan",238039784,24.331625,23.7814375,25.47875,27.188625,26.6203125,27.41475,27.2191875,29.156375,32.175,31.5725,30.443125,30.0398125,33.305625,33.2454375,31.436875,32.094125,31.7289375,35.3974375,35.1276875,32.4655,30.4118125,34.0848125,34.9479375,34.5549375
"168","Palau",19097,1.68375,2.7125,2.6925,2.935,3.644375,3.714375,4.144375,3.440625,3.83875,3.316875,3.08125,5.07375,1.874375,3.8425,4.201875,3.569375,4.990625,6.09125,3.35125,3.19625,3.625625,4.145625,2.75625,3.26625
"169","Palestine",4919477,10.095,10.605625,13.53,12.550625,11.0925,10.804375,10.33375,10.786875,11.554375,11.24,11.049375,11.596875,11.169375,12.305625,13.835625,11.665625,10.755,13.02875,10.68875,12.054375,12.090625,11.549375,12.754375,12.92
"170","Panama",3887799,8.73417721518987,6.77113924050633,7.26455696202532,8.93658227848101,7.96810126582278,9.28772151898734,8.04253164556962,9.22316455696203,9.02873417721519,8.79050632911392,8.53645569620253,8.78810126582279,10.339746835443,9.8206329113924,9.85962025316456,9.39405063291139,9.54974683544304,9.36670886075949,9.85088607594937,9.53949367088608,8.8879746835443,9.11974683544304,9.01569620253164,9.08303797468354
"171","Papua New Guinea",7193016,3.83528735632184,4.28954022988506,8.30091954022988,10.5626436781609,10.2790804597701,10.2814942528736,12.2063218390805,11.0081609195402,12.1250574712644,12.716091954023,14.1434482758621,12.9312643678161,13.8550574712644,12.7240229885057,13.2505747126437,14.4887356321839,14.4673563218391,12.9903448275862,12.1064367816092,13.2014942528736,11.2135632183908,11.1618390804598,11.2273563218391,12.9648275862069
"172","Paracel Islands",209,10.69,8.89,11.13,8.76,8.78,10.23,12.32,10.95,12.39,11.81,11.63,12.12,8.22,12.15,8.76,11.03,10.76,10.25,10.77,8.63,8.92,8.48,6.49,6.66
"173","Paraguay",7260580,13.5526146788991,16.5062844036697,13.1740825688073,14.2534403669725,18.2983486238532,15.8159633027523,14.6596788990826,14.8874770642202,14.1373853211009,19.7145871559633,12.7488073394495,12.9824311926606,12.8967889908257,12.1323394495413,12.9008256880734,11.7751376146789,13.4356422018349,14.1314220183486,12.6727064220183,12.8074770642202,11.6971100917431,13.7734403669725,16.2363302752294,13.5370183486239
"174","Peru",32136270,18.8732307692308,17.4301025641026,21.3975897435897,26.6098461538462,26.7816923076923,27.8786666666667,27.9808205128205,27.4527692307692,24.8251282051282,26.3235384615385,23.1175384615385,23.3391794871795,25.5728717948718,23.437641025641,23.3441538461538,23.1392820512821,22.6798974358974,22.8177948717949,23.8624102564103,24.049641025641,22.7681538461538,23.1297948717949,23.0551282051282,22.311641025641
"175","Philippines",108032572,13.3902394106814,12.7159975445058,14.5657213014119,15.299533456108,15.5909085328422,15.946101903008,17.1852240638428,18.0105524861878,15.9761448741559,16.3100122774708,15.4796255371393,18.2186556169429,15.780073664825,16.7584714548803,15.9615285451197,15.9725905463475,17.2084837323511,16.7011909146716,15.3081154082259,16.0515715162676,14.0399754450583,16.412934315531,14.9854880294659,15.6268569674647
"176","Pitcairn Islands",14,0.9,1.11,1.11,1.06,1.37,1.11,1.27,1.5,1.56,1.51,1.6,1.75,1.56,1.63,2.08,1.84,1.58,1.6,1.4,1.64,1.71,1.86,2.02,1.96
"177","Poland",38156837,25.1065789473684,23.8589736842105,22.2850526315789,24.3008684210526,26.0321842105263,25.9987105263158,22.3405263157895,23.4430263157895,25.1737631578947,19.8632894736842,19.6738947368421,22.2610526315789,25.9282894736842,23.4200789473684,21.4021315789474,20.8484473684211,20.9098947368421,19.4308684210526,19.0464736842105,19.3716315789474,18.9579736842105,15.5824210526316,14.5614736842105,17.4049473684211
"178","Portugal",10153019,8.02357142857143,7.89224025974026,7.63428571428571,7.86178571428571,7.8450974025974,8.00230519480519,7.55938311688312,9.79512987012987,7.9226948051948,7.73155844155844,5.29412337662338,6.01746753246753,5.96022727272727,6.13211038961039,5.47383116883117,6.3687987012987,5.33116883116883,6.44376623376623,5.98814935064935,6.09496753246753,5.21061688311688,4.71571428571429,4.9962012987013,5.51840909090909
"179","Puerto Rico",3220326,2.68820512820513,3.50820512820513,2.7851282051282,3.01512820512821,2.45487179487179,2.63384615384615,2.20653846153846,3.00961538461538,3.04666666666667,2.63833333333333,2.15423076923077,2.2924358974359,3.5625641025641,2.21217948717949,2.28294871794872,2.0551282051282,2.22333333333333,2.09666666666667,2.36717948717949,2.85051282051282,2.61269230769231,2.68769230769231,2.54576923076923,2.78538461538462
"180","Qatar",2445028,20.5742857142857,20.2685714285714,22.6028571428571,19.3257142857143,21.4985714285714,18.8257142857143,18.6628571428571,19.1585714285714,21.7357142857143,21.1942857142857,23.7071428571429,26.0528571428571,27.4628571428571,26.1157142857143,28.4714285714286,26.2342857142857,27.4857142857143,27.2271428571429,27.9157142857143,32.4185714285714,29.6857142857143,30.8728571428571,27.7185714285714,30.2242857142857
"181","Republic of the Congo",5459096,28.6454166666667,23.7477083333333,28.29125,30.6245833333333,30.0345833333333,27.815625,32.071875,29.095625,25.635,29.7279166666667,33.9364583333333,32.3433333333333,34.12625,32.6527083333333,32.289375,35.5039583333333,32.4152083333333,32.350625,32.840625,28.965,32.02,31.084375,33.0875,32.6179166666667
"182","Réunion",844547,2.80708333333333,2.52041666666667,2.59291666666667,2.81666666666667,2.64916666666667,2.755,3.01958333333333,3.4675,2.97625,3.14541666666667,2.94916666666667,2.90333333333333,3.35458333333333,3.38708333333333,3.15041666666667,3.2125,2.75916666666667,3.00916666666667,3.31416666666667,3.22,3.37541666666667,3.46333333333333,2.60833333333333,2.97375
"183","Romania",21230301,19.582337529772,18.8063014630827,17.9040966315073,18.987039809459,19.9495746852671,19.9998230690711,18.9064273562436,19.4257264375638,19.6440149710786,17.2879040489963,16.8226845865941,16.8753045253488,15.9324668254508,20.4225825110582,18.8731030962913,16.2385879550868,15.2518986049677,15.9335624362028,15.6590881252127,17.6700680503573,15.4816025859136,13.8304865600544,13.5655495066349,14.6192752636951
"184","Russia",141131855,13.8341684122329,12.9582949308756,12.7664264767491,12.5276204440721,13.7499832425639,13.5614076246334,12.0630289065773,12.5590448261416,13.3830917469627,11.6552534562212,12.5298743192292,12.436112274822,12.7968789275241,11.3560536237956,12.6829367406787,11.0842521994135,11.5754042731462,10.6541893590281,11.3246711353163,11.0169250104734,10.0719983242564,10.4303267700042,9.42212400502723,10.4025722664432
"185","Rwanda",12934347,29.11,21.861,33.366,38.171,34.406,27.9536666666667,35.6693333333333,35.3013333333333,30.3613333333333,39.5266666666667,37.816,34.76,36.6023333333333,38.4006666666667,37.6136666666667,38.394,34.208,35.8106666666667,35.0833333333333,30.7583333333333,30.5856666666667,34.96,34.2046666666667,32.372
"186","Saint Helena, Ascension and Tris",7530,3.072,2.471,2.863,2.246,2.34,2.906,2.845,3.087,2.477,3.28,3.133,2.883,2.976,3.306,2.805,2.982,2.701,3.033,2.91,3.296,2.334,3.202,2.595,2.689
"187","Saint Kitts and Nevis",50528,3.04428571428571,3.75071428571429,3.44214285714286,3.63071428571429,2.88928571428571,3.35785714285714,3.19142857142857,4.34857142857143,4.05,3.435,3.33,3.83428571428571,5.03785714285714,3.45857142857143,3.95,2.82357142857143,2.90571428571429,3.19357142857143,3.43214285714286,3.30714285714286,3.09928571428571,3.04071428571429,2.77785714285714,3.10285714285714
"188","Saint Lucia",160086,2.37,3.177,2.494,2.987,2.311,2.713,2.597,3.08,2.753,2.484,2.654,2.978,3.741,2.761,2.733,2.274,2.114,2.227,2.589,2.651,2.284,2.319,2.202,2.376
"189","Saint Pierre and Miquelon",5065,4.45,4.535,4.075,3.8,3.97,4.095,3.42,3.545,3.795,3.125,3.42,3.585,3.55,3.835,3,4.46,4.15,4.07,3.225,4.025,3.12,3.125,3.99,3.835
"190","Saint Vincent and the Grenadines",91461,2.40666666666667,3.13833333333333,2.65333333333333,3.125,2.58833333333333,2.86166666666667,2.77166666666667,3.16,2.85,2.64166666666667,2.77833333333333,3.13833333333333,4.07833333333333,2.83333333333333,2.98166666666667,2.43333333333333,2.22166666666667,2.49666666666667,2.85,2.945,2.555,2.53166666666667,2.35333333333333,2.59
"191","Saint-Barthélemy",6679,2.53842105263158,3.39657894736842,2.86578947368421,2.995,2.22236842105263,2.54684210526316,2.39342105263158,3.29,2.96,2.55236842105263,2.44078947368421,2.74105263157895,4.19447368421053,2.57394736842105,3.14710526315789,2.17605263157895,2.16578947368421,2.33973684210526,2.61105263157895,2.48026315789474,2.14684210526316,2.06921052631579,2.03578947368421,2.20342105263158
"192","Saint-Martin",30778,2.58,3.44,2.85,3.07,2.31,2.63,2.49,3.4,3.06,2.64,2.41,2.59,4.13,2.46,3.1,2.14,2.16,2.38,2.66,2.53,2.14,2.08,2.08,2.25
"193","Samoa",183008,0.821395348837209,0.925813953488372,1.2893023255814,1.20790697674419,1.31906976744186,1.36209302325581,1.09767441860465,1.61674418604651,1.3906976744186,1.49767441860465,1.19325581395349,1.38348837209302,1.21976744186047,1.10302325581395,1.3406976744186,1.34348837209302,1.4306976744186,1.77511627906977,1.4306976744186,1.48488372093023,1.56976744186047,1.47023255813953,1.21906976744186,1.12674418604651
"194","San Marino",34954,15.0488888888889,14.3077777777778,15.4033333333333,14.71,16.0244444444444,16.4344444444444,13.7466666666667,15.9811111111111,19.1822222222222,15.4922222222222,12.3244444444444,12.9655555555556,13.8844444444444,15.1577777777778,13.7233333333333,12.9644444444444,9.67111111111111,13.9322222222222,10.6455555555556,11.9377777777778,10.4855555555556,9.74444444444444,10.9633333333333,10.7866666666667
"195","São Tomé and Príncipe",198918,11.98,8.56857142857143,15.3314285714286,13.0028571428571,12.3571428571429,11.39,12.3814285714286,10.8757142857143,9.87285714285714,11.9142857142857,12.5914285714286,10.9985714285714,11.6757142857143,11.9657142857143,12.8442857142857,12.7728571428571,9.58714285714286,13.49,12.25,10.4342857142857,11.0714285714286,10.9171428571429,11.1614285714286,11.3485714285714
"196","Saudi Arabia",33434409,13.3697278911565,15.3650340136054,17.1470068027211,14.3662585034014,15.3822448979592,15.0663945578231,13.8010884353741,15.307074829932,17.3527891156463,17.7445578231293,18.8691156462585,19.0034693877551,19.6067346938776,21.4571428571429,20.9142857142857,18.6361224489796,20.6533333333333,21.2521768707483,19.7561224489796,21.9108163265306,20.9062585034014,20.5447619047619,18.8772108843537,20.8970068027211
"197","Senegal",15919888,5.99644444444444,6.37022222222222,5.87266666666667,4.99022222222222,4.53466666666667,5.45111111111111,5.11511111111111,5.39288888888889,5.73955555555556,5.32622222222222,5.62022222222222,5.992,6.44088888888889,5.69844444444444,5.93088888888889,5.61755555555556,5.68688888888889,6.13133333333333,5.39711111111111,5.77711111111111,5.08311111111111,6.15333333333333,6.07155555555556,6.37888888888889
"198","Serbia",7003880,22.9865838509317,22.0263354037267,19.598198757764,21.5578881987578,21.9344099378882,23.3506211180124,22.0488198757764,23.3892546583851,23.8428571428571,20.6810559006211,20.447950310559,21.1688819875776,18.9231055900621,27.0480745341615,24.3701242236025,21.1232298136646,19.4993167701863,21.6634161490683,20.6455900621118,21.3804968944099,20.8230434782609,18.1686956521739,18.8780124223602,19.4157142857143
"199","Seychelles",84510,3.67961538461538,3.99653846153846,4.20423076923077,3.56384615384615,3.915,4.74192307692308,4.33538461538462,4.25038461538462,5.07115384615385,5.18307692307692,4.15269230769231,5.62346153846154,4.77615384615385,5.53153846153846,5.05461538461538,4.93076923076923,4.96153846153846,4.39615384615385,5.93230769230769,5.88461538461539,5.20653846153846,6.04884615384615,3.99230769230769,4.91884615384615
"200","Sierra Leone",6739524,18.3978571428571,14.7714285714286,13.5907142857143,12.4721428571429,11.2135714285714,12.8285714285714,13.4657142857143,13.0378571428571,12.3392857142857,12.285,12.8742857142857,15.7778571428571,13.9957142857143,13.0264285714286,11.7914285714286,13.2778571428571,13.1307142857143,12.2214285714286,12.5028571428571,11.9414285714286,11.7778571428571,12.6778571428571,11.9442857142857,11.6371428571429
"201","Singapore",5842829,13.214,15.05,16.262,15.658,19.332,14.514,16.322,16.484,26.23,14.67,13.728,20.454,12.65,15.36,17.564,23.132,18.104,26.262,13.878,13.13,13.898,18.576,11.48,13.01
"202","Sint Maarten",40679,2.71,3.72,3.02,3.32,2.47,2.83,2.68,3.72,3.34,2.89,2.63,2.9,4.52,2.71,3.44,2.38,2.37,2.6,2.93,2.78,2.39,2.31,2.29,2.49
"203","Slovakia",5439730,23.0498734177215,22.9946835443038,20.6344303797468,22.9954430379747,23.639746835443,24.0056962025316,20.9843037974684,22.7484810126582,23.6943037974684,17.6520253164557,17.4894936708861,19.7978481012658,20.910253164557,22.3915189873418,19.3859493670886,18.9241772151899,16.9886075949367,17.8148101265823,16.3091139240506,17.4859493670886,16.1710126582278,13.5351898734177,13.2172151898734,14.5488607594937
"204","Slovenia",2067880,19.2950520833333,18.3850520833333,17.9427604166667,19.5709895833333,20.0535416666667,20.5435416666667,18.6154166666667,20.4851041666667,20.3699479166667,16.1600520833333,16.2770833333333,16.28484375,17.4244791666667,19.775625,16.0992708333333,15.7958333333333,13.3983854166667,16.2165625,14.8167708333333,15.4130729166667,14.7094270833333,11.4602083333333,12.3525,13.0038020833333
"205","Solomon Islands",549101,2.73138888888889,2.41105555555556,3.78416666666667,4.30238888888889,4.67272222222222,4.24444444444444,5.15594444444444,4.45988888888889,5.60411111111111,6.36405555555556,4.65944444444444,6.43555555555556,6.04188888888889,5.79072222222222,6.21277777777778,7.96816666666667,7.6685,7.20727777777778,6.90977777777778,7.73483333333333,6.91816666666667,6.863,5.94427777777778,5.46283333333333
"206","Somalia",12035043,6.47878378378378,8.73837837837838,8.61202702702703,7.83918918918919,8.44,8.80662162162162,9.56743243243243,8.41635135135135,9.55905405405405,9.89135135135135,8.31432432432432,9.81905405405405,9.79324324324324,10.2827027027027,9.22527027027027,8.43689189189189,8.76891891891892,9.00324324324324,8.86189189189189,8.70716216216216,9.59310810810811,9.29635135135135,7.70608108108108,9.3277027027027
"207","South Africa",56955067,18.145,17.8551923076923,17.8196153846154,18.4546153846154,18.0917307692308,17.9221153846154,18.5188461538462,19.3313461538462,18.6992307692308,18.4675,18.9148076923077,18.5794230769231,21.29,18.3301923076923,18.4188461538462,17.4386538461538,16.8521153846154,17.7709615384615,16.4836538461538,17.7592307692308,17.4934615384615,17.2267307692308,16.8475,17.0265384615385
"208","South Georgia and the South Sand",0,NA,NA,NA,NA,NA,NA,NA,NA,NA,NA,NA,NA,NA,NA,NA,NA,NA,NA,NA,NA,NA,NA,NA,NA
"209","South Korea",51427386,17.8697816593886,17.9676855895197,21.2120524017467,20.1670742358079,18.8423580786026,25.4753711790393,20.9866375545852,21.7813100436681,22.9954148471616,22.9812227074236,22.793056768559,22.1044541484716,20.5518777292576,21.0238864628821,21.6223580786026,22.4657205240175,22.883056768559,22.0675545851528,21.7534497816594,20.037423580786,19.7624017467249,20.5185589519651,19.276768558952,18.9334934497817
"210","South Sudan",11007070,16.8142222222222,14.004,14.2528888888889,14.2253333333333,13.8471111111111,13.9248888888889,13.6095555555556,15.3755555555556,14.2857777777778,16.3762222222222,14.546,15.0848888888889,15.758,17.2675555555556,15.194,15.2571111111111,15.5477777777778,14.5584444444444,15.3322222222222,15.2093333333333,14.1497777777778,15.2368888888889,14.8973333333333,15.8948888888889
"211","Spain",46687904,8.26923076923077,8.21480769230769,8.84403846153846,8.92788461538461,9.14480769230769,8.90634615384615,8.86307692307692,9.35346153846154,9.00115384615385,9.51596153846154,7.47134615384615,7.9975,7.27903846153846,7.97596153846154,7.43115384615385,7.43942307692308,6.56538461538462,7.15730769230769,6.61653846153846,6.49346153846154,6.83269230769231,6.30730769230769,6.30384615384615,6.86346153846154
"212","Spratly Islands",111,0,0,0,0,0,0,0,0,0,0,0,0,0,0,0,0,0,0,0,0,0,0,0,0
"213","Sri Lanka",22831388,11.7543343653251,13.5256965944272,15.5067182662539,18.0457894736842,17.3952321981424,19.063653250774,17.9456965944272,20.0830959752322,19.3360990712074,20.3003715170279,20.3507739938081,21.1877708978328,22.2170897832817,22.8558204334365,21.2315479876161,22.5865634674923,22.070959752322,20.822600619195,20.1395665634675,19.866439628483,20.6846749226006,18.9274303405573,18.7234365325077,18.3512074303406
"214","Sudan",46712136,10.2565,10.19025,9.363125,8.4675,9.148125,8.814,8.623625,9.280625,10.043125,9.911125,9.86825,9.149625,10.43525,10.24725,9.674625,8.6535,9.586375,9.15825,9.667875,11.065875,9.976875,9.845125,9.81025,11.406125
"215","Suriname",633124,4.85677419354839,5.44854838709677,5.32903225806452,7.76451612903226,6.595,7.47677419354839,7.44758064516129,7.68661290322581,7.44596774193548,6.83935483870968,7.99854838709677,7.57451612903226,7.4541935483871,6.82951612903226,6.84806451612903,6.25725806451613,5.98661290322581,6.08403225806452,6.40935483870968,6.14516129032258,6.08596774193548,6.11548387096774,5.93177419354839,6.63483870967742
"216","Svalbard and Jan Mayen",0,NA,NA,NA,NA,NA,NA,NA,NA,NA,NA,NA,NA,NA,NA,NA,NA,NA,NA,NA,NA,NA,NA,NA,NA
"217","Swaziland",1118655,22.1714545454545,17.8885454545455,18.322,17.52,16.5229090909091,15.2703636363636,17.2529090909091,18.2441818181818,15.9394545454545,17.4956363636364,16.4267272727273,16.4041818181818,18.6649090909091,15.8467272727273,17.1669090909091,15.6405454545455,15.0910909090909,15.7878181818182,13.6347272727273,14.4150909090909,15.0849090909091,16.0543636363636,13.5934545454545,15.6147272727273
"218","Sweden",10108500,7.4178275862069,7.69396551724138,7.37065517241379,6.91737931034483,7.23758620689655,7.654,6.80806896551724,7.01606896551724,7.71106896551724,6.437,6.62434482758621,6.54913793103448,6.85337931034483,7.00451724137931,5.92286206896552,5.53213793103448,6.82006896551724,5.48393103448276,5.26279310344828,5.02189655172414,5.68234482758621,5.18420689655172,4.57051724137931,5.37327586206897
"219","Switzerland",8461443,13.3172189349112,13.6413609467456,12.9236686390533,13.7894082840237,14.205798816568,15.5151479289941,12.1714792899408,13.3065088757396,13.0855029585799,11.7363313609467,11.9596449704142,13.3201775147929,14.1167455621302,13.7512426035503,11.5509467455621,12.4861538461538,9.64390532544379,10.8852071005917,9.89863905325444,9.88899408284024,9.89230769230769,8.2408875739645,8.37485207100592,9.34639053254438
"220","Syria",20154763,16.3878333333333,18.255,19.6428333333333,18.2706666666667,16.4403333333333,16.951,15.5498333333333,17.5418333333333,16.5431666666667,17.2253333333333,16.3913333333333,19.3776666666667,16.9568333333333,20.1343333333333,22.1203333333333,19.9271666666667,18.9251666666667,19.7746666666667,17.6646666666667,19.2963333333333,19.1893333333333,18.3061666666667,19.1806666666667,18.9881666666667
"221","Taiwan",23471731,17.3395454545455,16.3904545454545,21.0327272727273,21.7718181818182,21.7686363636364,22.3277272727273,23.5463636363636,23.42,24.1109090909091,24.5022727272727,22.8990909090909,22.9722727272727,22.9454545454545,22.6472727272727,21.1054545454545,21.0936363636364,22.3963636363636,21.1127272727273,19.2277272727273,18.9295454545455,17.2527272727273,16.3018181818182,14.6245454545455,15.845
"222","Tajikistan",8977811,11.4072881355932,10.4640677966102,11.2640677966102,11.9664406779661,11.6898305084746,12.7454237288136,11.5386440677966,13.0923728813559,12.6905084745763,13.6081355932203,13.1466101694915,14.4442372881356,14.0181355932203,16.5864406779661,15.6135593220339,13.4518644067797,13.9677966101695,14.5662711864407,14.8498305084746,15.6713559322034,12.8784745762712,14.9645762711864,16.7396610169492,15.0408474576271
"223","Tanzania",61738595,13.1469590643275,10.9845614035088,13.756081871345,20.5515789473684,16.1788304093567,17.1965497076023,17.8673099415205,19.1783040935673,16.8981871345029,21.7331578947368,19.1384795321637,18.4666666666667,19.3156725146199,19.6451461988304,19.9302923976608,19.5804093567251,17.3647953216374,18.073918128655,17.2256140350877,15.1979532163743,16.6289473684211,18.116081871345,17.5176608187135,16.1284210526316
"224","Thailand",69322864,20.9694276457883,18.1308855291577,20.2061447084233,20.9630777537797,22.0557235421166,22.4938120950324,25.2404319654428,25.3589308855292,24.1025485961123,27.1474838012959,24.9880453563715,23.95656587473,25.1130561555076,25.6559179265659,24.1434017278618,25.8880777537797,24.8376781857451,22.4634881209503,24.4768142548596,22.1499136069114,22.29343412527,22.7033045356371,24.995161987041,23.767343412527
"225","Timor-Leste",1393234,7.59435483870968,9.13209677419355,9.16516129032258,10.2638709677419,9.55274193548387,8.86532258064516,10.3698387096774,9.38483870967742,9.52741935483871,11.1729032258065,10.4814516129032,11.3720967741935,9.90403225806452,14.1285483870968,13.585,10.0104838709677,11.0529032258065,10.7514516129032,9.79258064516129,10.8904838709677,10.7438709677419,10.3006451612903,8.78387096774193,10.1932258064516
"226","Togo",8279448,14.5605,14.57325,16.1735,16.364,15.49975,16.8895,17.7005,17.96725,16.594,17.44275,17.591,17.359,16.98475,16.44225,14.8665,14.3105,14.4855,14.85475,15.515,16.11225,15.3125,15.196,15.09375,15.621
"227","Tokelau",508,1.09666666666667,1.30333333333333,1.49666666666667,1.70666666666667,2.01333333333333,2.00666666666667,1.46666666666667,1.88,1.85333333333333,1.83666666666667,1.38,1.62666666666667,1.54666666666667,1.21,1.59,1.68,1.79333333333333,1.74333333333333,1.84,1.47666666666667,1.60333333333333,1.75,1.74333333333333,1.34666666666667
"228","Tonga",97326,0.971818181818182,1.33636363636364,1.68272727272727,1.36272727272727,1.44818181818182,1.27363636363636,1.71,1.60090909090909,1.59454545454545,1.37454545454545,2.62818181818182,1.59636363636364,1.45636363636364,1.51545454545455,1.46545454545455,1.63636363636364,1.43727272727273,1.46818181818182,1.47818181818182,1.82454545454545,1.75363636363636,1.65545454545455,1.53727272727273,1.73545454545455
"229","Trinidad and Tobago",1209270,3.498,4.434,3.40266666666667,4.72533333333333,3.766,4.378,4.21333333333333,4.72133333333333,4.65133333333333,4.296,4.658,4.35466666666667,6.336,4.524,4.502,4.316,3.70733333333333,3.76333333333333,4.714,4.62266666666667,3.94,4.56333333333333,4.182,3.91933333333333
"230","Tunisia",11718498,11.3455263157895,9.3059022556391,11.0981578947368,9.75375939849624,9.29233082706767,12.0957894736842,7.80804511278196,10.9617669172932,10.3263157894737,8.9087969924812,8.53699248120301,9.15007518796993,6.73921052631579,10.7616165413534,9.3909022556391,9.24541353383459,7.04665413533835,10.8587593984962,7.82718045112782,9.83890977443609,8.41093984962406,8.49015037593985,8.615,8.29830827067669
"231","Turkey",81848204,19.0333046286329,18.4421636167923,20.2609687836383,19.5531216361679,19.5188912809473,19.422691065662,16.995199138859,18.2099246501615,19.105166846071,19.4386221743811,17.4015500538213,19.5482992465016,16.4818514531755,22.1140581270183,23.8789881593111,21.4597631862217,22.0472981700754,22.5654790096878,20.3687298170075,22.205780409042,20.8862755651238,19.9810764262648,20.8502798708288,20.9832508073197
"232","Turkmenistan",5554973,10.538275862069,9.04586206896552,8.17189655172414,8.0698275862069,8.52568965517241,8.23896551724138,8.02362068965517,9.21586206896552,9.07879310344828,8.76672413793103,11.2970689655172,8.79741379310345,9.45,11.2515517241379,11.8934482758621,8.22775862068966,9.22655172413793,8.625,8.51706896551724,9.7248275862069,8.64931034482759,9.72862068965517,9.79189655172414,10.1346551724138
"233","Turks and Caicos Islands",52365,4.855,4.66666666666667,3.66333333333333,3.695,3.11166666666667,2.94166666666667,3.08,3.815,3.33333333333333,3.33833333333333,2.26833333333333,2.32333333333333,3.26166666666667,2.645,2.68166666666667,2.22833333333333,2.31333333333333,2.47,2.46166666666667,2.74166666666667,2.47833333333333,2.73166666666667,2.43166666666667,3.20333333333333
"234","Tuvalu",5975,1.16111111111111,1.13444444444444,1.37333333333333,1.47777777777778,1.93666666666667,1.97444444444444,1.62111111111111,1.96222222222222,1.83888888888889,2.02444444444444,1.46222222222222,1.93777777777778,1.74777777777778,1.29777777777778,1.76333333333333,1.97666666666667,2.29333333333333,2.31111111111111,2.17888888888889,1.63222222222222,1.87222222222222,2.18777777777778,1.87777777777778,1.48222222222222
"235","Uganda",44567430,22.0396951219512,16.4985975609756,24.8103658536585,30.359512195122,26.7557317073171,24.7942073170732,27.0853658536585,27.6365243902439,25.1416463414634,30.6343292682927,27.6855487804878,25.9743292682927,28.5107317073171,30.0725,28.960487804878,30.3396341463415,26.5673780487805,27.2812804878049,26.7185975609756,23.5058536585366,24.2832317073171,26.9849390243902,27.6886585365854,25.6903048780488
"236","Ukraine",43666672,18.9307643312102,18.5680573248408,17.5089968152866,18.5947133757962,20.1353503184713,17.6471496815287,17.2165127388535,17.7461624203822,18.6299203821656,15.9019426751592,16.2560987261147,17.5336464968153,16.0810668789809,17.7360031847134,17.2371815286624,16.8725955414013,16.126050955414,15.7254936305732,15.4217675159236,16.3392834394904,14.5571496815287,14.4226592356688,13.2344267515924,14.1273885350318
"237","United Arab Emirates",9784395,14.5741025641026,13.4037948717949,17.2891282051282,15.3070769230769,16.1198461538462,13.4727692307692,12.7665641025641,13.6226153846154,17.3408205128205,15.2686666666667,17.9448717948718,18.9227179487179,17.8697948717949,18.089641025641,20.7895897435897,18.8571794871795,17.8306153846154,17.3728205128205,18.1834358974359,17.7278461538462,17.9429230769231,18.3630769230769,15.2042564102564,16.6935384615385
"238","United Kingdom",65812705,11.0859016393443,9.95256830601093,9.91628415300547,10.636174863388,10.4984153005464,12.0572677595628,9.3151912568306,9.59972677595628,9.73426229508197,9.60666666666667,9.10918032786885,9.35295081967213,10.4802732240437,10.3417486338798,9.0568306010929,10.1344808743169,9.71065573770492,8.30841530054645,8.73918032786885,8.19699453551913,8.63398907103825,8.24377049180328,7.32459016393443,8.19639344262295
"239","United States",330656400,11.4982334183673,10.7455963010204,10.7871301020408,10.2926594387755,10.0328029336735,9.96427295918367,9.54164859693878,10.6093080357143,9.45958864795918,9.79482780612245,8.77503826530612,7.98414221938776,8.32663584183673,8.2025318877551,7.60077806122449,7.23697385204082,7.14852040816327,6.78183354591837,6.16169323979592,6.49695471938776,6.44498724489796,6.19279336734694,6.28007971938776,7.30294323979592
"240","United States Minor Outlying Islands",40,2.6,2.32,2.6,2.34,2.81,2.71,2.84,3.42,2.74,2.58,3.59,3.22,3.28,2.97,2.83,3.89,4.46,3.95,3.68,3.76,3.5,3.37,3.32,2.96
"241","Uruguay",3380971,8.00765957446809,8.27539007092199,8.63099290780142,8.86673758865248,9.13964539007092,9.16631205673759,8.26624113475177,7.99822695035461,9.0909219858156,8.92035460992908,8.92914893617021,8.31524822695035,7.54929078014184,8.0986524822695,8.82283687943262,8.51602836879433,9.18468085106383,7.8877304964539,8.0768085106383,8.34539007092199,7.88460992907801,7.86517730496454,8.35070921985816,7.95666666666667
"242","Uzbekistan",30988328,15.7181875,13.0976875,14.823,14.6059375,15.04775,16.0890625,15.339,16.9305,15.5580625,17.3910625,17.697,19.0848125,17.8055,20.72725,21.4720625,17.6249375,17.18375,17.5699375,17.600875,19.1270625,17.1835625,18.643125,20.251125,18.88225
"243","Vanuatu",265705,2.8447619047619,3.28650793650794,4.55063492063492,4.70888888888889,3.90650793650794,4.10269841269841,3.91539682539683,4.04142857142857,3.60285714285714,4.53444444444444,4.89492063492064,4.48380952380952,5.07920634920635,5.29365079365079,5.13365079365079,5.74698412698413,5.3715873015873,5.02603174603175,4.98857142857143,5.86698412698413,5.6152380952381,4.78587301587302,3.95825396825397,4.36857142857143
"244","Vatican City",1000,17.79,17.29,17.77,15.87,16.77,18.44,14.56,17.06,18.88,16.89,14.29,13.89,13.57,17.37,15.58,14.77,10.58,15.07,11.95,13.35,10.74,10.34,12.22,11.34
"245","Venezuela",28877978,8.17068047337278,8.35292899408284,10.297100591716,14.1999112426035,12.338875739645,15.8304437869822,13.4734023668639,14.6241715976331,13.9155029585799,13.1258579881657,13.8491715976331,12.524201183432,16.9426923076923,14.9691420118343,13.9895266272189,13.2836982248521,12.5371301775148,13.0240236686391,15.1043786982249,14.577573964497,12.9141715976331,14.0048816568047,12.9138461538462,11.1458875739645
"246","Vietnam",102577688,19.5483098591549,18.2862816901408,20.7512112676056,23.3986478873239,22.5986338028169,24.3218169014085,27.8130985915493,27.6562535211268,28.5405070422535,30.125338028169,30.1003943661972,28.1564366197183,28.6922957746479,30.069323943662,28.8209014084507,29.7297887323944,28.756,25.9805633802817,26.4500704225352,25.8946901408451,23.4955492957746,24.8640704225352,23.9907605633803,24.3567746478873
"247","Virgin Islands, U.S.",99181,2.0645,2.7135,2.0915,2.1645,1.7385,2.067,1.6485,2.355,2.458,2.2305,1.707,1.962,3.1685,1.8465,2.065,1.7295,1.852,1.845,1.9845,2.3725,1.9715,2.0365,2.049,2.1915
"248","Wallis and Futuna",13226,0.998,1.184,1.492,1.314,1.448,1.484,1.398,1.702,1.49,1.556,1.54,1.642,1.5,1.398,1.706,1.564,1.618,1.932,1.582,1.704,1.632,1.612,1.532,1.352
"249","Western Sahara",646462,4.5825,5.75,4.36,4.4825,4.7625,4.3575,4.01,4.3,4.0825,4.5475,3.49,3.51,3.16,3.305,2.89,3.4325,4.11,3.15,3.5125,3.43,5.0575,4.155,3.3675,4.3925
"250","Yemen",30314666,11.563313253012,13.5634638554217,14.0203614457831,11.8795481927711,13.5754518072289,13.1918975903614,12.7767168674699,12.9555722891566,14.8515361445783,15.3247891566265,14.4671084337349,14.5427108433735,16.7775903614458,18.4067771084337,15.6318975903614,15.2906325301205,16.1212951807229,16.4965060240964,15.3119578313253,15.7345481927711,16.9821385542169,16.6842771084337,14.391686746988,15.0198192771084
"251","Zambia",19089070,17.196347826087,14.752347826087,18.0790434782609,24.9014782608696,22.8578260869565,22.4458260869565,20.6565217391304,22.9350434782609,20.8458260869565,23.8993913043478,23.3969565217391,22.4091304347826,24.4837391304348,21.59,22.5746956521739,21.4513043478261,20.6413043478261,22.7447826086957,21.0204347826087,20.1304347826087,20.5298260869565,21.3087826086957,18.7726086956522,19.2373043478261
"252","Zimbabwe",14804978,16.9306593406593,13.5910989010989,13.9068131868132,20.7716483516484,16.7234065934066,18.0881318681319,15.8273626373626,18.2503296703297,16.390989010989,18.8723076923077,18.0820879120879,16.4013186813187,19.4625274725275,15.1769230769231,17.0128571428571,15.7002197802198,14.8148351648352,17.2068131868132,15.3067032967033,15.0579120879121,16.5314285714286,15.5667032967033,12.1831868131868,14.2682417582418
